id;nome;selecao/pagina;numero;posicao;raridade;status;caminho_da_imagem
brasil-1958-pele-01;Pelé;Brasil 1958;10;Atacante;lendaria;histórico;assets/images/stickers/brasil-1958/brasil-1958-pele-01.webp
brasil-1958-garrincha-02;Garrincha;Brasil 1958;7;Ponta;lendaria;histórico;assets/images/stickers/brasil-1958/brasil-1958-garrincha-02.webp
brasil-1958-didi-03;Didi;Brasil 1958;8;Meia;ouro;histórico;assets/images/stickers/brasil-1958/brasil-1958-didi-03.webp
brasil-1958-vava-04;Vavá;Brasil 1958;20;Atacante;ouro;histórico;assets/images/stickers/brasil-1958/brasil-1958-vava-04.webp
brasil-1958-nilton-santos-05;Nilton Santos;Brasil 1958;6;Lateral;rara;histórico;assets/images/stickers/brasil-1958/brasil-1958-nilton-santos-05.webp
brasil-1958-djalma-santos-06;Djalma Santos;Brasil 1958;4;Lateral;rara;histórico;assets/images/stickers/brasil-1958/brasil-1958-djalma-santos-06.webp
brasil-1958-bellini-07;Bellini;Brasil 1958;3;Zagueiro;rara;histórico;assets/images/stickers/brasil-1958/brasil-1958-bellini-07.webp
brasil-1958-gilmar-08;Gilmar;Brasil 1958;1;Goleiro;rara;histórico;assets/images/stickers/brasil-1958/brasil-1958-gilmar-08.webp
brasil-1958-zagallo-09;Zagallo;Brasil 1958;11;Ponta;rara;histórico;assets/images/stickers/brasil-1958/brasil-1958-zagallo-09.webp
brasil-1958-orlando-10;Orlando;Brasil 1958;2;Zagueiro;comum;histórico;assets/images/stickers/brasil-1958/brasil-1958-orlando-10.webp
brasil-1958-zito-11;Zito;Brasil 1958;5;Volante;comum;histórico;assets/images/stickers/brasil-1958/brasil-1958-zito-11.webp
brasil-1958-mazzola-12;Mazzola;Brasil 1958;18;Atacante;comum;histórico;assets/images/stickers/brasil-1958/brasil-1958-mazzola-12.webp
brasil-1962-garrincha-01;Garrincha;Brasil 1962;7;Ponta;lendaria;histórico;assets/images/stickers/brasil-1962/brasil-1962-garrincha-01.webp
brasil-1962-pele-02;Pelé;Brasil 1962;10;Atacante;lendaria;histórico;assets/images/stickers/brasil-1962/brasil-1962-pele-02.webp
brasil-1962-amarildo-03;Amarildo;Brasil 1962;20;Atacante;ouro;histórico;assets/images/stickers/brasil-1962/brasil-1962-amarildo-03.webp
brasil-1962-vava-04;Vavá;Brasil 1962;9;Atacante;ouro;histórico;assets/images/stickers/brasil-1962/brasil-1962-vava-04.webp
brasil-1962-didi-05;Didi;Brasil 1962;8;Meia;ouro;histórico;assets/images/stickers/brasil-1962/brasil-1962-didi-05.webp
brasil-1962-zagallo-06;Zagallo;Brasil 1962;11;Ponta;rara;histórico;assets/images/stickers/brasil-1962/brasil-1962-zagallo-06.webp
brasil-1962-zito-07;Zito;Brasil 1962;5;Volante;rara;histórico;assets/images/stickers/brasil-1962/brasil-1962-zito-07.webp
brasil-1962-nilton-santos-08;Nilton Santos;Brasil 1962;6;Lateral;rara;histórico;assets/images/stickers/brasil-1962/brasil-1962-nilton-santos-08.webp
brasil-1962-djalma-santos-09;Djalma Santos;Brasil 1962;4;Lateral;rara;histórico;assets/images/stickers/brasil-1962/brasil-1962-djalma-santos-09.webp
brasil-1962-mauro-ramos-10;Mauro Ramos;Brasil 1962;3;Zagueiro;comum;histórico;assets/images/stickers/brasil-1962/brasil-1962-mauro-ramos-10.webp
brasil-1962-gilmar-11;Gilmar;Brasil 1962;1;Goleiro;comum;histórico;assets/images/stickers/brasil-1962/brasil-1962-gilmar-11.webp
brasil-1962-zozimo-12;Zózimo;Brasil 1962;2;Zagueiro;comum;histórico;assets/images/stickers/brasil-1962/brasil-1962-zozimo-12.webp
brasil-1970-pele-01;Pelé;Brasil 1970;10;Atacante;lendaria;histórico;assets/images/stickers/brasil-1970/brasil-1970-pele-01.webp
brasil-1970-jairzinho-02;Jairzinho;Brasil 1970;7;Atacante;lendaria;histórico;assets/images/stickers/brasil-1970/brasil-1970-jairzinho-02.webp
brasil-1970-tostao-03;Tostão;Brasil 1970;9;Atacante;ouro;histórico;assets/images/stickers/brasil-1970/brasil-1970-tostao-03.webp
brasil-1970-rivelino-04;Rivelino;Brasil 1970;11;Meia;ouro;histórico;assets/images/stickers/brasil-1970/brasil-1970-rivelino-04.webp
brasil-1970-carlos-alberto-05;Carlos Alberto;Brasil 1970;4;Lateral;ouro;histórico;assets/images/stickers/brasil-1970/brasil-1970-carlos-alberto-05.webp
brasil-1970-gerson-06;Gérson;Brasil 1970;8;Meia;ouro;histórico;assets/images/stickers/brasil-1970/brasil-1970-gerson-06.webp
brasil-1970-clodoaldo-07;Clodoaldo;Brasil 1970;5;Volante;rara;histórico;assets/images/stickers/brasil-1970/brasil-1970-clodoaldo-07.webp
brasil-1970-piazza-08;Piazza;Brasil 1970;6;Zagueiro;rara;histórico;assets/images/stickers/brasil-1970/brasil-1970-piazza-08.webp
brasil-1970-felix-09;Félix;Brasil 1970;1;Goleiro;rara;histórico;assets/images/stickers/brasil-1970/brasil-1970-felix-09.webp
brasil-1970-brito-10;Brito;Brasil 1970;2;Zagueiro;comum;histórico;assets/images/stickers/brasil-1970/brasil-1970-brito-10.webp
brasil-1970-everaldo-11;Everaldo;Brasil 1970;3;Lateral;comum;histórico;assets/images/stickers/brasil-1970/brasil-1970-everaldo-11.webp
brasil-1970-paulo-cesar-caju-12;Paulo César Caju;Brasil 1970;16;Atacante;comum;histórico;assets/images/stickers/brasil-1970/brasil-1970-paulo-cesar-caju-12.webp
brasil-1994-romario-01;Romário;Brasil 1994;11;Atacante;lendaria;histórico;assets/images/stickers/brasil-1994/brasil-1994-romario-01.webp
brasil-1994-bebeto-02;Bebeto;Brasil 1994;7;Atacante;ouro;histórico;assets/images/stickers/brasil-1994/brasil-1994-bebeto-02.webp
brasil-1994-dunga-03;Dunga;Brasil 1994;8;Volante;ouro;histórico;assets/images/stickers/brasil-1994/brasil-1994-dunga-03.webp
brasil-1994-taffarel-04;Taffarel;Brasil 1994;1;Goleiro;ouro;histórico;assets/images/stickers/brasil-1994/brasil-1994-taffarel-04.webp
brasil-1994-jorginho-05;Jorginho;Brasil 1994;2;Lateral;rara;histórico;assets/images/stickers/brasil-1994/brasil-1994-jorginho-05.webp
brasil-1994-branco-06;Branco;Brasil 1994;6;Lateral;rara;histórico;assets/images/stickers/brasil-1994/brasil-1994-branco-06.webp
brasil-1994-marcio-santos-07;Márcio Santos;Brasil 1994;15;Zagueiro;rara;histórico;assets/images/stickers/brasil-1994/brasil-1994-marcio-santos-07.webp
brasil-1994-aldair-08;Aldair;Brasil 1994;13;Zagueiro;rara;histórico;assets/images/stickers/brasil-1994/brasil-1994-aldair-08.webp
brasil-1994-mauro-silva-09;Mauro Silva;Brasil 1994;5;Volante;rara;histórico;assets/images/stickers/brasil-1994/brasil-1994-mauro-silva-09.webp
brasil-1994-zinho-10;Zinho;Brasil 1994;9;Meia;comum;histórico;assets/images/stickers/brasil-1994/brasil-1994-zinho-10.webp
brasil-1994-rai-11;Raí;Brasil 1994;10;Meia;comum;histórico;assets/images/stickers/brasil-1994/brasil-1994-rai-11.webp
brasil-1994-mazinho-12;Mazinho;Brasil 1994;17;Meia;comum;histórico;assets/images/stickers/brasil-1994/brasil-1994-mazinho-12.webp
brasil-2002-ronaldo-01;Ronaldo;Brasil 2002;9;Atacante;lendaria;histórico;assets/images/stickers/brasil-2002/brasil-2002-ronaldo-01.webp
brasil-2002-ronaldinho-02;Ronaldinho;Brasil 2002;11;Meia;lendaria;histórico;assets/images/stickers/brasil-2002/brasil-2002-ronaldinho-02.webp
brasil-2002-rivaldo-03;Rivaldo;Brasil 2002;10;Meia;lendaria;histórico;assets/images/stickers/brasil-2002/brasil-2002-rivaldo-03.webp
brasil-2002-cafu-04;Cafu;Brasil 2002;2;Lateral;ouro;histórico;assets/images/stickers/brasil-2002/brasil-2002-cafu-04.webp
brasil-2002-roberto-carlos-05;Roberto Carlos;Brasil 2002;6;Lateral;ouro;histórico;assets/images/stickers/brasil-2002/brasil-2002-roberto-carlos-05.webp
brasil-2002-marcos-06;Marcos;Brasil 2002;1;Goleiro;ouro;histórico;assets/images/stickers/brasil-2002/brasil-2002-marcos-06.webp
brasil-2002-kaka-07;Kaká;Brasil 2002;23;Meia;rara;histórico;assets/images/stickers/brasil-2002/brasil-2002-kaka-07.webp
brasil-2002-lucio-08;Lúcio;Brasil 2002;3;Zagueiro;rara;histórico;assets/images/stickers/brasil-2002/brasil-2002-lucio-08.webp
brasil-2002-edmilson-09;Edmílson;Brasil 2002;5;Zagueiro;rara;histórico;assets/images/stickers/brasil-2002/brasil-2002-edmilson-09.webp
brasil-2002-gilberto-silva-10;Gilberto Silva;Brasil 2002;8;Volante;rara;histórico;assets/images/stickers/brasil-2002/brasil-2002-gilberto-silva-10.webp
brasil-2002-kleberson-11;Kléberson;Brasil 2002;15;Meia;comum;histórico;assets/images/stickers/brasil-2002/brasil-2002-kleberson-11.webp
brasil-2002-denilson-12;Denílson;Brasil 2002;17;Atacante;comum;histórico;assets/images/stickers/brasil-2002/brasil-2002-denilson-12.webp
wc26-canada-davies-01;Davies;Canadá;19;Lateral;ouro;parcial;assets/images/stickers/selecoes-2026/wc26-canada/wc26-canada-davies-01.webp
wc26-canada-david-02;David;Canadá;20;Atacante;rara;parcial;assets/images/stickers/selecoes-2026/wc26-canada/wc26-canada-david-02.webp
wc26-canada-larin-03;Larin;Canadá;17;Atacante;comum;parcial;assets/images/stickers/selecoes-2026/wc26-canada/wc26-canada-larin-03.webp
wc26-canada-crepeau-04;Crépeau;Canadá;16;Goleiro;comum;parcial;assets/images/stickers/selecoes-2026/wc26-canada/wc26-canada-crepeau-04.webp
wc26-canada-jogador-05-a-confirmar-05;Jogador 05 — a confirmar;Canadá;5;Defensor;comum;a-confirmar;assets/images/stickers/selecoes-2026/wc26-canada/wc26-canada-jogador-05-a-confirmar-05.webp
wc26-canada-jogador-06-a-confirmar-06;Jogador 06 — a confirmar;Canadá;6;Defensor;comum;a-confirmar;assets/images/stickers/selecoes-2026/wc26-canada/wc26-canada-jogador-06-a-confirmar-06.webp
wc26-canada-jogador-07-a-confirmar-07;Jogador 07 — a confirmar;Canadá;7;Defensor;comum;a-confirmar;assets/images/stickers/selecoes-2026/wc26-canada/wc26-canada-jogador-07-a-confirmar-07.webp
wc26-canada-jogador-08-a-confirmar-08;Jogador 08 — a confirmar;Canadá;8;Defensor;comum;a-confirmar;assets/images/stickers/selecoes-2026/wc26-canada/wc26-canada-jogador-08-a-confirmar-08.webp
wc26-canada-jogador-09-a-confirmar-09;Jogador 09 — a confirmar;Canadá;9;Defensor;comum;a-confirmar;assets/images/stickers/selecoes-2026/wc26-canada/wc26-canada-jogador-09-a-confirmar-09.webp
wc26-canada-jogador-10-a-confirmar-10;Jogador 10 — a confirmar;Canadá;10;Defensor;comum;a-confirmar;assets/images/stickers/selecoes-2026/wc26-canada/wc26-canada-jogador-10-a-confirmar-10.webp
wc26-canada-jogador-11-a-confirmar-11;Jogador 11 — a confirmar;Canadá;11;Meia;comum;a-confirmar;assets/images/stickers/selecoes-2026/wc26-canada/wc26-canada-jogador-11-a-confirmar-11.webp
wc26-canada-jogador-12-a-confirmar-12;Jogador 12 — a confirmar;Canadá;12;Meia;comum;a-confirmar;assets/images/stickers/selecoes-2026/wc26-canada/wc26-canada-jogador-12-a-confirmar-12.webp
wc26-canada-jogador-13-a-confirmar-13;Jogador 13 — a confirmar;Canadá;13;Meia;comum;a-confirmar;assets/images/stickers/selecoes-2026/wc26-canada/wc26-canada-jogador-13-a-confirmar-13.webp
wc26-canada-jogador-14-a-confirmar-14;Jogador 14 — a confirmar;Canadá;14;Meia;comum;a-confirmar;assets/images/stickers/selecoes-2026/wc26-canada/wc26-canada-jogador-14-a-confirmar-14.webp
wc26-canada-jogador-15-a-confirmar-15;Jogador 15 — a confirmar;Canadá;15;Meia;comum;a-confirmar;assets/images/stickers/selecoes-2026/wc26-canada/wc26-canada-jogador-15-a-confirmar-15.webp
wc26-canada-jogador-16-a-confirmar-16;Jogador 16 — a confirmar;Canadá;16;Meia;comum;a-confirmar;assets/images/stickers/selecoes-2026/wc26-canada/wc26-canada-jogador-16-a-confirmar-16.webp
wc26-canada-jogador-17-a-confirmar-17;Jogador 17 — a confirmar;Canadá;17;Meia;comum;a-confirmar;assets/images/stickers/selecoes-2026/wc26-canada/wc26-canada-jogador-17-a-confirmar-17.webp
wc26-canada-jogador-18-a-confirmar-18;Jogador 18 — a confirmar;Canadá;18;Meia;comum;a-confirmar;assets/images/stickers/selecoes-2026/wc26-canada/wc26-canada-jogador-18-a-confirmar-18.webp
wc26-canada-jogador-19-a-confirmar-19;Jogador 19 — a confirmar;Canadá;19;Atacante;comum;a-confirmar;assets/images/stickers/selecoes-2026/wc26-canada/wc26-canada-jogador-19-a-confirmar-19.webp
wc26-canada-jogador-20-a-confirmar-20;Jogador 20 — a confirmar;Canadá;20;Atacante;comum;a-confirmar;assets/images/stickers/selecoes-2026/wc26-canada/wc26-canada-jogador-20-a-confirmar-20.webp
wc26-canada-jogador-21-a-confirmar-21;Jogador 21 — a confirmar;Canadá;21;Atacante;comum;a-confirmar;assets/images/stickers/selecoes-2026/wc26-canada/wc26-canada-jogador-21-a-confirmar-21.webp
wc26-canada-jogador-22-a-confirmar-22;Jogador 22 — a confirmar;Canadá;22;Atacante;comum;a-confirmar;assets/images/stickers/selecoes-2026/wc26-canada/wc26-canada-jogador-22-a-confirmar-22.webp
wc26-canada-jogador-23-a-confirmar-23;Jogador 23 — a confirmar;Canadá;23;Atacante;comum;a-confirmar;assets/images/stickers/selecoes-2026/wc26-canada/wc26-canada-jogador-23-a-confirmar-23.webp
wc26-canada-jogador-24-a-confirmar-24;Jogador 24 — a confirmar;Canadá;24;Atacante;comum;a-confirmar;assets/images/stickers/selecoes-2026/wc26-canada/wc26-canada-jogador-24-a-confirmar-24.webp
wc26-canada-jogador-25-a-confirmar-25;Jogador 25 — a confirmar;Canadá;25;Atacante;comum;a-confirmar;assets/images/stickers/selecoes-2026/wc26-canada/wc26-canada-jogador-25-a-confirmar-25.webp
wc26-canada-jogador-26-a-confirmar-26;Jogador 26 — a confirmar;Canadá;26;Atacante;comum;a-confirmar;assets/images/stickers/selecoes-2026/wc26-canada/wc26-canada-jogador-26-a-confirmar-26.webp
wc26-mexico-santiago-gimenez-01;Santiago Giménez;México;9;Atacante;rara;parcial;assets/images/stickers/selecoes-2026/wc26-mexico/wc26-mexico-santiago-gimenez-01.webp
wc26-mexico-lozano-02;Lozano;México;22;Ponta;rara;parcial;assets/images/stickers/selecoes-2026/wc26-mexico/wc26-mexico-lozano-02.webp
wc26-mexico-edson-alvarez-03;Edson Álvarez;México;4;Volante;comum;parcial;assets/images/stickers/selecoes-2026/wc26-mexico/wc26-mexico-edson-alvarez-03.webp
wc26-mexico-ochoa-04;Ochoa;México;13;Goleiro;comum;parcial;assets/images/stickers/selecoes-2026/wc26-mexico/wc26-mexico-ochoa-04.webp
wc26-mexico-jogador-05-a-confirmar-05;Jogador 05 — a confirmar;México;5;Defensor;comum;a-confirmar;assets/images/stickers/selecoes-2026/wc26-mexico/wc26-mexico-jogador-05-a-confirmar-05.webp
wc26-mexico-jogador-06-a-confirmar-06;Jogador 06 — a confirmar;México;6;Defensor;comum;a-confirmar;assets/images/stickers/selecoes-2026/wc26-mexico/wc26-mexico-jogador-06-a-confirmar-06.webp
wc26-mexico-jogador-07-a-confirmar-07;Jogador 07 — a confirmar;México;7;Defensor;comum;a-confirmar;assets/images/stickers/selecoes-2026/wc26-mexico/wc26-mexico-jogador-07-a-confirmar-07.webp
wc26-mexico-jogador-08-a-confirmar-08;Jogador 08 — a confirmar;México;8;Defensor;comum;a-confirmar;assets/images/stickers/selecoes-2026/wc26-mexico/wc26-mexico-jogador-08-a-confirmar-08.webp
wc26-mexico-jogador-09-a-confirmar-09;Jogador 09 — a confirmar;México;9;Defensor;comum;a-confirmar;assets/images/stickers/selecoes-2026/wc26-mexico/wc26-mexico-jogador-09-a-confirmar-09.webp
wc26-mexico-jogador-10-a-confirmar-10;Jogador 10 — a confirmar;México;10;Defensor;comum;a-confirmar;assets/images/stickers/selecoes-2026/wc26-mexico/wc26-mexico-jogador-10-a-confirmar-10.webp
wc26-mexico-jogador-11-a-confirmar-11;Jogador 11 — a confirmar;México;11;Meia;comum;a-confirmar;assets/images/stickers/selecoes-2026/wc26-mexico/wc26-mexico-jogador-11-a-confirmar-11.webp
wc26-mexico-jogador-12-a-confirmar-12;Jogador 12 — a confirmar;México;12;Meia;comum;a-confirmar;assets/images/stickers/selecoes-2026/wc26-mexico/wc26-mexico-jogador-12-a-confirmar-12.webp
wc26-mexico-jogador-13-a-confirmar-13;Jogador 13 — a confirmar;México;13;Meia;comum;a-confirmar;assets/images/stickers/selecoes-2026/wc26-mexico/wc26-mexico-jogador-13-a-confirmar-13.webp
wc26-mexico-jogador-14-a-confirmar-14;Jogador 14 — a confirmar;México;14;Meia;comum;a-confirmar;assets/images/stickers/selecoes-2026/wc26-mexico/wc26-mexico-jogador-14-a-confirmar-14.webp
wc26-mexico-jogador-15-a-confirmar-15;Jogador 15 — a confirmar;México;15;Meia;comum;a-confirmar;assets/images/stickers/selecoes-2026/wc26-mexico/wc26-mexico-jogador-15-a-confirmar-15.webp
wc26-mexico-jogador-16-a-confirmar-16;Jogador 16 — a confirmar;México;16;Meia;comum;a-confirmar;assets/images/stickers/selecoes-2026/wc26-mexico/wc26-mexico-jogador-16-a-confirmar-16.webp
wc26-mexico-jogador-17-a-confirmar-17;Jogador 17 — a confirmar;México;17;Meia;comum;a-confirmar;assets/images/stickers/selecoes-2026/wc26-mexico/wc26-mexico-jogador-17-a-confirmar-17.webp
wc26-mexico-jogador-18-a-confirmar-18;Jogador 18 — a confirmar;México;18;Meia;comum;a-confirmar;assets/images/stickers/selecoes-2026/wc26-mexico/wc26-mexico-jogador-18-a-confirmar-18.webp
wc26-mexico-jogador-19-a-confirmar-19;Jogador 19 — a confirmar;México;19;Atacante;comum;a-confirmar;assets/images/stickers/selecoes-2026/wc26-mexico/wc26-mexico-jogador-19-a-confirmar-19.webp
wc26-mexico-jogador-20-a-confirmar-20;Jogador 20 — a confirmar;México;20;Atacante;comum;a-confirmar;assets/images/stickers/selecoes-2026/wc26-mexico/wc26-mexico-jogador-20-a-confirmar-20.webp
wc26-mexico-jogador-21-a-confirmar-21;Jogador 21 — a confirmar;México;21;Atacante;comum;a-confirmar;assets/images/stickers/selecoes-2026/wc26-mexico/wc26-mexico-jogador-21-a-confirmar-21.webp
wc26-mexico-jogador-22-a-confirmar-22;Jogador 22 — a confirmar;México;22;Atacante;comum;a-confirmar;assets/images/stickers/selecoes-2026/wc26-mexico/wc26-mexico-jogador-22-a-confirmar-22.webp
wc26-mexico-jogador-23-a-confirmar-23;Jogador 23 — a confirmar;México;23;Atacante;comum;a-confirmar;assets/images/stickers/selecoes-2026/wc26-mexico/wc26-mexico-jogador-23-a-confirmar-23.webp
wc26-mexico-jogador-24-a-confirmar-24;Jogador 24 — a confirmar;México;24;Atacante;comum;a-confirmar;assets/images/stickers/selecoes-2026/wc26-mexico/wc26-mexico-jogador-24-a-confirmar-24.webp
wc26-mexico-jogador-25-a-confirmar-25;Jogador 25 — a confirmar;México;25;Atacante;comum;a-confirmar;assets/images/stickers/selecoes-2026/wc26-mexico/wc26-mexico-jogador-25-a-confirmar-25.webp
wc26-mexico-jogador-26-a-confirmar-26;Jogador 26 — a confirmar;México;26;Atacante;comum;a-confirmar;assets/images/stickers/selecoes-2026/wc26-mexico/wc26-mexico-jogador-26-a-confirmar-26.webp
wc26-estados-unidos-pulisic-01;Pulisic;Estados Unidos;10;Atacante;ouro;parcial;assets/images/stickers/selecoes-2026/wc26-estados-unidos/wc26-estados-unidos-pulisic-01.webp
wc26-estados-unidos-reyna-02;Reyna;Estados Unidos;7;Meia;rara;parcial;assets/images/stickers/selecoes-2026/wc26-estados-unidos/wc26-estados-unidos-reyna-02.webp
wc26-estados-unidos-mckennie-03;McKennie;Estados Unidos;8;Meia;comum;parcial;assets/images/stickers/selecoes-2026/wc26-estados-unidos/wc26-estados-unidos-mckennie-03.webp
wc26-estados-unidos-turner-04;Turner;Estados Unidos;1;Goleiro;comum;parcial;assets/images/stickers/selecoes-2026/wc26-estados-unidos/wc26-estados-unidos-turner-04.webp
wc26-estados-unidos-jogador-05-a-confirmar-05;Jogador 05 — a confirmar;Estados Unidos;5;Defensor;comum;a-confirmar;assets/images/stickers/selecoes-2026/wc26-estados-unidos/wc26-estados-unidos-jogador-05-a-confirmar-05.webp
wc26-estados-unidos-jogador-06-a-confirmar-06;Jogador 06 — a confirmar;Estados Unidos;6;Defensor;comum;a-confirmar;assets/images/stickers/selecoes-2026/wc26-estados-unidos/wc26-estados-unidos-jogador-06-a-confirmar-06.webp
wc26-estados-unidos-jogador-07-a-confirmar-07;Jogador 07 — a confirmar;Estados Unidos;7;Defensor;comum;a-confirmar;assets/images/stickers/selecoes-2026/wc26-estados-unidos/wc26-estados-unidos-jogador-07-a-confirmar-07.webp
wc26-estados-unidos-jogador-08-a-confirmar-08;Jogador 08 — a confirmar;Estados Unidos;8;Defensor;comum;a-confirmar;assets/images/stickers/selecoes-2026/wc26-estados-unidos/wc26-estados-unidos-jogador-08-a-confirmar-08.webp
wc26-estados-unidos-jogador-09-a-confirmar-09;Jogador 09 — a confirmar;Estados Unidos;9;Defensor;comum;a-confirmar;assets/images/stickers/selecoes-2026/wc26-estados-unidos/wc26-estados-unidos-jogador-09-a-confirmar-09.webp
wc26-estados-unidos-jogador-10-a-confirmar-10;Jogador 10 — a confirmar;Estados Unidos;10;Defensor;comum;a-confirmar;assets/images/stickers/selecoes-2026/wc26-estados-unidos/wc26-estados-unidos-jogador-10-a-confirmar-10.webp
wc26-estados-unidos-jogador-11-a-confirmar-11;Jogador 11 — a confirmar;Estados Unidos;11;Meia;comum;a-confirmar;assets/images/stickers/selecoes-2026/wc26-estados-unidos/wc26-estados-unidos-jogador-11-a-confirmar-11.webp
wc26-estados-unidos-jogador-12-a-confirmar-12;Jogador 12 — a confirmar;Estados Unidos;12;Meia;comum;a-confirmar;assets/images/stickers/selecoes-2026/wc26-estados-unidos/wc26-estados-unidos-jogador-12-a-confirmar-12.webp
wc26-estados-unidos-jogador-13-a-confirmar-13;Jogador 13 — a confirmar;Estados Unidos;13;Meia;comum;a-confirmar;assets/images/stickers/selecoes-2026/wc26-estados-unidos/wc26-estados-unidos-jogador-13-a-confirmar-13.webp
wc26-estados-unidos-jogador-14-a-confirmar-14;Jogador 14 — a confirmar;Estados Unidos;14;Meia;comum;a-confirmar;assets/images/stickers/selecoes-2026/wc26-estados-unidos/wc26-estados-unidos-jogador-14-a-confirmar-14.webp
wc26-estados-unidos-jogador-15-a-confirmar-15;Jogador 15 — a confirmar;Estados Unidos;15;Meia;comum;a-confirmar;assets/images/stickers/selecoes-2026/wc26-estados-unidos/wc26-estados-unidos-jogador-15-a-confirmar-15.webp
wc26-estados-unidos-jogador-16-a-confirmar-16;Jogador 16 — a confirmar;Estados Unidos;16;Meia;comum;a-confirmar;assets/images/stickers/selecoes-2026/wc26-estados-unidos/wc26-estados-unidos-jogador-16-a-confirmar-16.webp
wc26-estados-unidos-jogador-17-a-confirmar-17;Jogador 17 — a confirmar;Estados Unidos;17;Meia;comum;a-confirmar;assets/images/stickers/selecoes-2026/wc26-estados-unidos/wc26-estados-unidos-jogador-17-a-confirmar-17.webp
wc26-estados-unidos-jogador-18-a-confirmar-18;Jogador 18 — a confirmar;Estados Unidos;18;Meia;comum;a-confirmar;assets/images/stickers/selecoes-2026/wc26-estados-unidos/wc26-estados-unidos-jogador-18-a-confirmar-18.webp
wc26-estados-unidos-jogador-19-a-confirmar-19;Jogador 19 — a confirmar;Estados Unidos;19;Atacante;comum;a-confirmar;assets/images/stickers/selecoes-2026/wc26-estados-unidos/wc26-estados-unidos-jogador-19-a-confirmar-19.webp
wc26-estados-unidos-jogador-20-a-confirmar-20;Jogador 20 — a confirmar;Estados Unidos;20;Atacante;comum;a-confirmar;assets/images/stickers/selecoes-2026/wc26-estados-unidos/wc26-estados-unidos-jogador-20-a-confirmar-20.webp
wc26-estados-unidos-jogador-21-a-confirmar-21;Jogador 21 — a confirmar;Estados Unidos;21;Atacante;comum;a-confirmar;assets/images/stickers/selecoes-2026/wc26-estados-unidos/wc26-estados-unidos-jogador-21-a-confirmar-21.webp
wc26-estados-unidos-jogador-22-a-confirmar-22;Jogador 22 — a confirmar;Estados Unidos;22;Atacante;comum;a-confirmar;assets/images/stickers/selecoes-2026/wc26-estados-unidos/wc26-estados-unidos-jogador-22-a-confirmar-22.webp
wc26-estados-unidos-jogador-23-a-confirmar-23;Jogador 23 — a confirmar;Estados Unidos;23;Atacante;comum;a-confirmar;assets/images/stickers/selecoes-2026/wc26-estados-unidos/wc26-estados-unidos-jogador-23-a-confirmar-23.webp
wc26-estados-unidos-jogador-24-a-confirmar-24;Jogador 24 — a confirmar;Estados Unidos;24;Atacante;comum;a-confirmar;assets/images/stickers/selecoes-2026/wc26-estados-unidos/wc26-estados-unidos-jogador-24-a-confirmar-24.webp
wc26-estados-unidos-jogador-25-a-confirmar-25;Jogador 25 — a confirmar;Estados Unidos;25;Atacante;comum;a-confirmar;assets/images/stickers/selecoes-2026/wc26-estados-unidos/wc26-estados-unidos-jogador-25-a-confirmar-25.webp
wc26-estados-unidos-jogador-26-a-confirmar-26;Jogador 26 — a confirmar;Estados Unidos;26;Atacante;comum;a-confirmar;assets/images/stickers/selecoes-2026/wc26-estados-unidos/wc26-estados-unidos-jogador-26-a-confirmar-26.webp
wc26-panama-jogador-01-a-confirmar-01;Jogador 01 — a confirmar;Panamá;1;Goleiro;comum;a-confirmar;assets/images/stickers/selecoes-2026/wc26-panama/wc26-panama-jogador-01-a-confirmar-01.webp
wc26-panama-jogador-02-a-confirmar-02;Jogador 02 — a confirmar;Panamá;2;Goleiro;comum;a-confirmar;assets/images/stickers/selecoes-2026/wc26-panama/wc26-panama-jogador-02-a-confirmar-02.webp
wc26-panama-jogador-03-a-confirmar-03;Jogador 03 — a confirmar;Panamá;3;Goleiro;comum;a-confirmar;assets/images/stickers/selecoes-2026/wc26-panama/wc26-panama-jogador-03-a-confirmar-03.webp
wc26-panama-jogador-04-a-confirmar-04;Jogador 04 — a confirmar;Panamá;4;Defensor;comum;a-confirmar;assets/images/stickers/selecoes-2026/wc26-panama/wc26-panama-jogador-04-a-confirmar-04.webp
wc26-panama-jogador-05-a-confirmar-05;Jogador 05 — a confirmar;Panamá;5;Defensor;comum;a-confirmar;assets/images/stickers/selecoes-2026/wc26-panama/wc26-panama-jogador-05-a-confirmar-05.webp
wc26-panama-jogador-06-a-confirmar-06;Jogador 06 — a confirmar;Panamá;6;Defensor;comum;a-confirmar;assets/images/stickers/selecoes-2026/wc26-panama/wc26-panama-jogador-06-a-confirmar-06.webp
wc26-panama-jogador-07-a-confirmar-07;Jogador 07 — a confirmar;Panamá;7;Defensor;comum;a-confirmar;assets/images/stickers/selecoes-2026/wc26-panama/wc26-panama-jogador-07-a-confirmar-07.webp
wc26-panama-jogador-08-a-confirmar-08;Jogador 08 — a confirmar;Panamá;8;Defensor;comum;a-confirmar;assets/images/stickers/selecoes-2026/wc26-panama/wc26-panama-jogador-08-a-confirmar-08.webp
wc26-panama-jogador-09-a-confirmar-09;Jogador 09 — a confirmar;Panamá;9;Defensor;comum;a-confirmar;assets/images/stickers/selecoes-2026/wc26-panama/wc26-panama-jogador-09-a-confirmar-09.webp
wc26-panama-jogador-10-a-confirmar-10;Jogador 10 — a confirmar;Panamá;10;Defensor;comum;a-confirmar;assets/images/stickers/selecoes-2026/wc26-panama/wc26-panama-jogador-10-a-confirmar-10.webp
wc26-panama-jogador-11-a-confirmar-11;Jogador 11 — a confirmar;Panamá;11;Meia;comum;a-confirmar;assets/images/stickers/selecoes-2026/wc26-panama/wc26-panama-jogador-11-a-confirmar-11.webp
wc26-panama-jogador-12-a-confirmar-12;Jogador 12 — a confirmar;Panamá;12;Meia;comum;a-confirmar;assets/images/stickers/selecoes-2026/wc26-panama/wc26-panama-jogador-12-a-confirmar-12.webp
wc26-panama-jogador-13-a-confirmar-13;Jogador 13 — a confirmar;Panamá;13;Meia;comum;a-confirmar;assets/images/stickers/selecoes-2026/wc26-panama/wc26-panama-jogador-13-a-confirmar-13.webp
wc26-panama-jogador-14-a-confirmar-14;Jogador 14 — a confirmar;Panamá;14;Meia;comum;a-confirmar;assets/images/stickers/selecoes-2026/wc26-panama/wc26-panama-jogador-14-a-confirmar-14.webp
wc26-panama-jogador-15-a-confirmar-15;Jogador 15 — a confirmar;Panamá;15;Meia;comum;a-confirmar;assets/images/stickers/selecoes-2026/wc26-panama/wc26-panama-jogador-15-a-confirmar-15.webp
wc26-panama-jogador-16-a-confirmar-16;Jogador 16 — a confirmar;Panamá;16;Meia;comum;a-confirmar;assets/images/stickers/selecoes-2026/wc26-panama/wc26-panama-jogador-16-a-confirmar-16.webp
wc26-panama-jogador-17-a-confirmar-17;Jogador 17 — a confirmar;Panamá;17;Meia;comum;a-confirmar;assets/images/stickers/selecoes-2026/wc26-panama/wc26-panama-jogador-17-a-confirmar-17.webp
wc26-panama-jogador-18-a-confirmar-18;Jogador 18 — a confirmar;Panamá;18;Meia;comum;a-confirmar;assets/images/stickers/selecoes-2026/wc26-panama/wc26-panama-jogador-18-a-confirmar-18.webp
wc26-panama-jogador-19-a-confirmar-19;Jogador 19 — a confirmar;Panamá;19;Atacante;comum;a-confirmar;assets/images/stickers/selecoes-2026/wc26-panama/wc26-panama-jogador-19-a-confirmar-19.webp
wc26-panama-jogador-20-a-confirmar-20;Jogador 20 — a confirmar;Panamá;20;Atacante;comum;a-confirmar;assets/images/stickers/selecoes-2026/wc26-panama/wc26-panama-jogador-20-a-confirmar-20.webp
wc26-panama-jogador-21-a-confirmar-21;Jogador 21 — a confirmar;Panamá;21;Atacante;comum;a-confirmar;assets/images/stickers/selecoes-2026/wc26-panama/wc26-panama-jogador-21-a-confirmar-21.webp
wc26-panama-jogador-22-a-confirmar-22;Jogador 22 — a confirmar;Panamá;22;Atacante;comum;a-confirmar;assets/images/stickers/selecoes-2026/wc26-panama/wc26-panama-jogador-22-a-confirmar-22.webp
wc26-panama-jogador-23-a-confirmar-23;Jogador 23 — a confirmar;Panamá;23;Atacante;comum;a-confirmar;assets/images/stickers/selecoes-2026/wc26-panama/wc26-panama-jogador-23-a-confirmar-23.webp
wc26-panama-jogador-24-a-confirmar-24;Jogador 24 — a confirmar;Panamá;24;Atacante;comum;a-confirmar;assets/images/stickers/selecoes-2026/wc26-panama/wc26-panama-jogador-24-a-confirmar-24.webp
wc26-panama-jogador-25-a-confirmar-25;Jogador 25 — a confirmar;Panamá;25;Atacante;comum;a-confirmar;assets/images/stickers/selecoes-2026/wc26-panama/wc26-panama-jogador-25-a-confirmar-25.webp
wc26-panama-jogador-26-a-confirmar-26;Jogador 26 — a confirmar;Panamá;26;Atacante;comum;a-confirmar;assets/images/stickers/selecoes-2026/wc26-panama/wc26-panama-jogador-26-a-confirmar-26.webp
wc26-haiti-jogador-01-a-confirmar-01;Jogador 01 — a confirmar;Haiti;1;Goleiro;comum;a-confirmar;assets/images/stickers/selecoes-2026/wc26-haiti/wc26-haiti-jogador-01-a-confirmar-01.webp
wc26-haiti-jogador-02-a-confirmar-02;Jogador 02 — a confirmar;Haiti;2;Goleiro;comum;a-confirmar;assets/images/stickers/selecoes-2026/wc26-haiti/wc26-haiti-jogador-02-a-confirmar-02.webp
wc26-haiti-jogador-03-a-confirmar-03;Jogador 03 — a confirmar;Haiti;3;Goleiro;comum;a-confirmar;assets/images/stickers/selecoes-2026/wc26-haiti/wc26-haiti-jogador-03-a-confirmar-03.webp
wc26-haiti-jogador-04-a-confirmar-04;Jogador 04 — a confirmar;Haiti;4;Defensor;comum;a-confirmar;assets/images/stickers/selecoes-2026/wc26-haiti/wc26-haiti-jogador-04-a-confirmar-04.webp
wc26-haiti-jogador-05-a-confirmar-05;Jogador 05 — a confirmar;Haiti;5;Defensor;comum;a-confirmar;assets/images/stickers/selecoes-2026/wc26-haiti/wc26-haiti-jogador-05-a-confirmar-05.webp
wc26-haiti-jogador-06-a-confirmar-06;Jogador 06 — a confirmar;Haiti;6;Defensor;comum;a-confirmar;assets/images/stickers/selecoes-2026/wc26-haiti/wc26-haiti-jogador-06-a-confirmar-06.webp
wc26-haiti-jogador-07-a-confirmar-07;Jogador 07 — a confirmar;Haiti;7;Defensor;comum;a-confirmar;assets/images/stickers/selecoes-2026/wc26-haiti/wc26-haiti-jogador-07-a-confirmar-07.webp
wc26-haiti-jogador-08-a-confirmar-08;Jogador 08 — a confirmar;Haiti;8;Defensor;comum;a-confirmar;assets/images/stickers/selecoes-2026/wc26-haiti/wc26-haiti-jogador-08-a-confirmar-08.webp
wc26-haiti-jogador-09-a-confirmar-09;Jogador 09 — a confirmar;Haiti;9;Defensor;comum;a-confirmar;assets/images/stickers/selecoes-2026/wc26-haiti/wc26-haiti-jogador-09-a-confirmar-09.webp
wc26-haiti-jogador-10-a-confirmar-10;Jogador 10 — a confirmar;Haiti;10;Defensor;comum;a-confirmar;assets/images/stickers/selecoes-2026/wc26-haiti/wc26-haiti-jogador-10-a-confirmar-10.webp
wc26-haiti-jogador-11-a-confirmar-11;Jogador 11 — a confirmar;Haiti;11;Meia;comum;a-confirmar;assets/images/stickers/selecoes-2026/wc26-haiti/wc26-haiti-jogador-11-a-confirmar-11.webp
wc26-haiti-jogador-12-a-confirmar-12;Jogador 12 — a confirmar;Haiti;12;Meia;comum;a-confirmar;assets/images/stickers/selecoes-2026/wc26-haiti/wc26-haiti-jogador-12-a-confirmar-12.webp
wc26-haiti-jogador-13-a-confirmar-13;Jogador 13 — a confirmar;Haiti;13;Meia;comum;a-confirmar;assets/images/stickers/selecoes-2026/wc26-haiti/wc26-haiti-jogador-13-a-confirmar-13.webp
wc26-haiti-jogador-14-a-confirmar-14;Jogador 14 — a confirmar;Haiti;14;Meia;comum;a-confirmar;assets/images/stickers/selecoes-2026/wc26-haiti/wc26-haiti-jogador-14-a-confirmar-14.webp
wc26-haiti-jogador-15-a-confirmar-15;Jogador 15 — a confirmar;Haiti;15;Meia;comum;a-confirmar;assets/images/stickers/selecoes-2026/wc26-haiti/wc26-haiti-jogador-15-a-confirmar-15.webp
wc26-haiti-jogador-16-a-confirmar-16;Jogador 16 — a confirmar;Haiti;16;Meia;comum;a-confirmar;assets/images/stickers/selecoes-2026/wc26-haiti/wc26-haiti-jogador-16-a-confirmar-16.webp
wc26-haiti-jogador-17-a-confirmar-17;Jogador 17 — a confirmar;Haiti;17;Meia;comum;a-confirmar;assets/images/stickers/selecoes-2026/wc26-haiti/wc26-haiti-jogador-17-a-confirmar-17.webp
wc26-haiti-jogador-18-a-confirmar-18;Jogador 18 — a confirmar;Haiti;18;Meia;comum;a-confirmar;assets/images/stickers/selecoes-2026/wc26-haiti/wc26-haiti-jogador-18-a-confirmar-18.webp
wc26-haiti-jogador-19-a-confirmar-19;Jogador 19 — a confirmar;Haiti;19;Atacante;comum;a-confirmar;assets/images/stickers/selecoes-2026/wc26-haiti/wc26-haiti-jogador-19-a-confirmar-19.webp
wc26-haiti-jogador-20-a-confirmar-20;Jogador 20 — a confirmar;Haiti;20;Atacante;comum;a-confirmar;assets/images/stickers/selecoes-2026/wc26-haiti/wc26-haiti-jogador-20-a-confirmar-20.webp
wc26-haiti-jogador-21-a-confirmar-21;Jogador 21 — a confirmar;Haiti;21;Atacante;comum;a-confirmar;assets/images/stickers/selecoes-2026/wc26-haiti/wc26-haiti-jogador-21-a-confirmar-21.webp
wc26-haiti-jogador-22-a-confirmar-22;Jogador 22 — a confirmar;Haiti;22;Atacante;comum;a-confirmar;assets/images/stickers/selecoes-2026/wc26-haiti/wc26-haiti-jogador-22-a-confirmar-22.webp
wc26-haiti-jogador-23-a-confirmar-23;Jogador 23 — a confirmar;Haiti;23;Atacante;comum;a-confirmar;assets/images/stickers/selecoes-2026/wc26-haiti/wc26-haiti-jogador-23-a-confirmar-23.webp
wc26-haiti-jogador-24-a-confirmar-24;Jogador 24 — a confirmar;Haiti;24;Atacante;comum;a-confirmar;assets/images/stickers/selecoes-2026/wc26-haiti/wc26-haiti-jogador-24-a-confirmar-24.webp
wc26-haiti-jogador-25-a-confirmar-25;Jogador 25 — a confirmar;Haiti;25;Atacante;comum;a-confirmar;assets/images/stickers/selecoes-2026/wc26-haiti/wc26-haiti-jogador-25-a-confirmar-25.webp
wc26-haiti-jogador-26-a-confirmar-26;Jogador 26 — a confirmar;Haiti;26;Atacante;comum;a-confirmar;assets/images/stickers/selecoes-2026/wc26-haiti/wc26-haiti-jogador-26-a-confirmar-26.webp
wc26-curacao-jogador-01-a-confirmar-01;Jogador 01 — a confirmar;Curaçao;1;Goleiro;comum;a-confirmar;assets/images/stickers/selecoes-2026/wc26-curacao/wc26-curacao-jogador-01-a-confirmar-01.webp
wc26-curacao-jogador-02-a-confirmar-02;Jogador 02 — a confirmar;Curaçao;2;Goleiro;comum;a-confirmar;assets/images/stickers/selecoes-2026/wc26-curacao/wc26-curacao-jogador-02-a-confirmar-02.webp
wc26-curacao-jogador-03-a-confirmar-03;Jogador 03 — a confirmar;Curaçao;3;Goleiro;comum;a-confirmar;assets/images/stickers/selecoes-2026/wc26-curacao/wc26-curacao-jogador-03-a-confirmar-03.webp
wc26-curacao-jogador-04-a-confirmar-04;Jogador 04 — a confirmar;Curaçao;4;Defensor;comum;a-confirmar;assets/images/stickers/selecoes-2026/wc26-curacao/wc26-curacao-jogador-04-a-confirmar-04.webp
wc26-curacao-jogador-05-a-confirmar-05;Jogador 05 — a confirmar;Curaçao;5;Defensor;comum;a-confirmar;assets/images/stickers/selecoes-2026/wc26-curacao/wc26-curacao-jogador-05-a-confirmar-05.webp
wc26-curacao-jogador-06-a-confirmar-06;Jogador 06 — a confirmar;Curaçao;6;Defensor;comum;a-confirmar;assets/images/stickers/selecoes-2026/wc26-curacao/wc26-curacao-jogador-06-a-confirmar-06.webp
wc26-curacao-jogador-07-a-confirmar-07;Jogador 07 — a confirmar;Curaçao;7;Defensor;comum;a-confirmar;assets/images/stickers/selecoes-2026/wc26-curacao/wc26-curacao-jogador-07-a-confirmar-07.webp
wc26-curacao-jogador-08-a-confirmar-08;Jogador 08 — a confirmar;Curaçao;8;Defensor;comum;a-confirmar;assets/images/stickers/selecoes-2026/wc26-curacao/wc26-curacao-jogador-08-a-confirmar-08.webp
wc26-curacao-jogador-09-a-confirmar-09;Jogador 09 — a confirmar;Curaçao;9;Defensor;comum;a-confirmar;assets/images/stickers/selecoes-2026/wc26-curacao/wc26-curacao-jogador-09-a-confirmar-09.webp
wc26-curacao-jogador-10-a-confirmar-10;Jogador 10 — a confirmar;Curaçao;10;Defensor;comum;a-confirmar;assets/images/stickers/selecoes-2026/wc26-curacao/wc26-curacao-jogador-10-a-confirmar-10.webp
wc26-curacao-jogador-11-a-confirmar-11;Jogador 11 — a confirmar;Curaçao;11;Meia;comum;a-confirmar;assets/images/stickers/selecoes-2026/wc26-curacao/wc26-curacao-jogador-11-a-confirmar-11.webp
wc26-curacao-jogador-12-a-confirmar-12;Jogador 12 — a confirmar;Curaçao;12;Meia;comum;a-confirmar;assets/images/stickers/selecoes-2026/wc26-curacao/wc26-curacao-jogador-12-a-confirmar-12.webp
wc26-curacao-jogador-13-a-confirmar-13;Jogador 13 — a confirmar;Curaçao;13;Meia;comum;a-confirmar;assets/images/stickers/selecoes-2026/wc26-curacao/wc26-curacao-jogador-13-a-confirmar-13.webp
wc26-curacao-jogador-14-a-confirmar-14;Jogador 14 — a confirmar;Curaçao;14;Meia;comum;a-confirmar;assets/images/stickers/selecoes-2026/wc26-curacao/wc26-curacao-jogador-14-a-confirmar-14.webp
wc26-curacao-jogador-15-a-confirmar-15;Jogador 15 — a confirmar;Curaçao;15;Meia;comum;a-confirmar;assets/images/stickers/selecoes-2026/wc26-curacao/wc26-curacao-jogador-15-a-confirmar-15.webp
wc26-curacao-jogador-16-a-confirmar-16;Jogador 16 — a confirmar;Curaçao;16;Meia;comum;a-confirmar;assets/images/stickers/selecoes-2026/wc26-curacao/wc26-curacao-jogador-16-a-confirmar-16.webp
wc26-curacao-jogador-17-a-confirmar-17;Jogador 17 — a confirmar;Curaçao;17;Meia;comum;a-confirmar;assets/images/stickers/selecoes-2026/wc26-curacao/wc26-curacao-jogador-17-a-confirmar-17.webp
wc26-curacao-jogador-18-a-confirmar-18;Jogador 18 — a confirmar;Curaçao;18;Meia;comum;a-confirmar;assets/images/stickers/selecoes-2026/wc26-curacao/wc26-curacao-jogador-18-a-confirmar-18.webp
wc26-curacao-jogador-19-a-confirmar-19;Jogador 19 — a confirmar;Curaçao;19;Atacante;comum;a-confirmar;assets/images/stickers/selecoes-2026/wc26-curacao/wc26-curacao-jogador-19-a-confirmar-19.webp
wc26-curacao-jogador-20-a-confirmar-20;Jogador 20 — a confirmar;Curaçao;20;Atacante;comum;a-confirmar;assets/images/stickers/selecoes-2026/wc26-curacao/wc26-curacao-jogador-20-a-confirmar-20.webp
wc26-curacao-jogador-21-a-confirmar-21;Jogador 21 — a confirmar;Curaçao;21;Atacante;comum;a-confirmar;assets/images/stickers/selecoes-2026/wc26-curacao/wc26-curacao-jogador-21-a-confirmar-21.webp
wc26-curacao-jogador-22-a-confirmar-22;Jogador 22 — a confirmar;Curaçao;22;Atacante;comum;a-confirmar;assets/images/stickers/selecoes-2026/wc26-curacao/wc26-curacao-jogador-22-a-confirmar-22.webp
wc26-curacao-jogador-23-a-confirmar-23;Jogador 23 — a confirmar;Curaçao;23;Atacante;comum;a-confirmar;assets/images/stickers/selecoes-2026/wc26-curacao/wc26-curacao-jogador-23-a-confirmar-23.webp
wc26-curacao-jogador-24-a-confirmar-24;Jogador 24 — a confirmar;Curaçao;24;Atacante;comum;a-confirmar;assets/images/stickers/selecoes-2026/wc26-curacao/wc26-curacao-jogador-24-a-confirmar-24.webp
wc26-curacao-jogador-25-a-confirmar-25;Jogador 25 — a confirmar;Curaçao;25;Atacante;comum;a-confirmar;assets/images/stickers/selecoes-2026/wc26-curacao/wc26-curacao-jogador-25-a-confirmar-25.webp
wc26-curacao-jogador-26-a-confirmar-26;Jogador 26 — a confirmar;Curaçao;26;Atacante;comum;a-confirmar;assets/images/stickers/selecoes-2026/wc26-curacao/wc26-curacao-jogador-26-a-confirmar-26.webp
wc26-brasil-2026-neymar-jr-01;Neymar Jr;Brasil 2026;10;Atacante;lendaria;parcial;assets/images/stickers/selecoes-2026/wc26-brasil-2026/wc26-brasil-2026-neymar-jr-01.webp
wc26-brasil-2026-vini-jr-02;Vini Jr;Brasil 2026;7;Atacante;lendaria;parcial;assets/images/stickers/selecoes-2026/wc26-brasil-2026/wc26-brasil-2026-vini-jr-02.webp
wc26-brasil-2026-rodrygo-03;Rodrygo;Brasil 2026;10;Atacante;ouro;parcial;assets/images/stickers/selecoes-2026/wc26-brasil-2026/wc26-brasil-2026-rodrygo-03.webp
wc26-brasil-2026-endrick-04;Endrick;Brasil 2026;9;Atacante;ouro;parcial;assets/images/stickers/selecoes-2026/wc26-brasil-2026/wc26-brasil-2026-endrick-04.webp
wc26-brasil-2026-alisson-05;Alisson;Brasil 2026;1;Goleiro;ouro;parcial;assets/images/stickers/selecoes-2026/wc26-brasil-2026/wc26-brasil-2026-alisson-05.webp
wc26-brasil-2026-bruno-guimaraes-06;Bruno Guimarães;Brasil 2026;8;Meia;rara;parcial;assets/images/stickers/selecoes-2026/wc26-brasil-2026/wc26-brasil-2026-bruno-guimaraes-06.webp
wc26-brasil-2026-marquinhos-07;Marquinhos;Brasil 2026;4;Zagueiro;rara;parcial;assets/images/stickers/selecoes-2026/wc26-brasil-2026/wc26-brasil-2026-marquinhos-07.webp
wc26-brasil-2026-raphinha-08;Raphinha;Brasil 2026;19;Ponta;comum;parcial;assets/images/stickers/selecoes-2026/wc26-brasil-2026/wc26-brasil-2026-raphinha-08.webp
wc26-brasil-2026-jogador-09-a-confirmar-09;Jogador 09 — a confirmar;Brasil 2026;9;Defensor;comum;a-confirmar;assets/images/stickers/selecoes-2026/wc26-brasil-2026/wc26-brasil-2026-jogador-09-a-confirmar-09.webp
wc26-brasil-2026-jogador-10-a-confirmar-10;Jogador 10 — a confirmar;Brasil 2026;10;Defensor;comum;a-confirmar;assets/images/stickers/selecoes-2026/wc26-brasil-2026/wc26-brasil-2026-jogador-10-a-confirmar-10.webp
wc26-brasil-2026-jogador-11-a-confirmar-11;Jogador 11 — a confirmar;Brasil 2026;11;Meia;comum;a-confirmar;assets/images/stickers/selecoes-2026/wc26-brasil-2026/wc26-brasil-2026-jogador-11-a-confirmar-11.webp
wc26-brasil-2026-jogador-12-a-confirmar-12;Jogador 12 — a confirmar;Brasil 2026;12;Meia;comum;a-confirmar;assets/images/stickers/selecoes-2026/wc26-brasil-2026/wc26-brasil-2026-jogador-12-a-confirmar-12.webp
wc26-brasil-2026-jogador-13-a-confirmar-13;Jogador 13 — a confirmar;Brasil 2026;13;Meia;comum;a-confirmar;assets/images/stickers/selecoes-2026/wc26-brasil-2026/wc26-brasil-2026-jogador-13-a-confirmar-13.webp
wc26-brasil-2026-jogador-14-a-confirmar-14;Jogador 14 — a confirmar;Brasil 2026;14;Meia;comum;a-confirmar;assets/images/stickers/selecoes-2026/wc26-brasil-2026/wc26-brasil-2026-jogador-14-a-confirmar-14.webp
wc26-brasil-2026-jogador-15-a-confirmar-15;Jogador 15 — a confirmar;Brasil 2026;15;Meia;comum;a-confirmar;assets/images/stickers/selecoes-2026/wc26-brasil-2026/wc26-brasil-2026-jogador-15-a-confirmar-15.webp
wc26-brasil-2026-jogador-16-a-confirmar-16;Jogador 16 — a confirmar;Brasil 2026;16;Meia;comum;a-confirmar;assets/images/stickers/selecoes-2026/wc26-brasil-2026/wc26-brasil-2026-jogador-16-a-confirmar-16.webp
wc26-brasil-2026-jogador-17-a-confirmar-17;Jogador 17 — a confirmar;Brasil 2026;17;Meia;comum;a-confirmar;assets/images/stickers/selecoes-2026/wc26-brasil-2026/wc26-brasil-2026-jogador-17-a-confirmar-17.webp
wc26-brasil-2026-jogador-18-a-confirmar-18;Jogador 18 — a confirmar;Brasil 2026;18;Meia;comum;a-confirmar;assets/images/stickers/selecoes-2026/wc26-brasil-2026/wc26-brasil-2026-jogador-18-a-confirmar-18.webp
wc26-brasil-2026-jogador-19-a-confirmar-19;Jogador 19 — a confirmar;Brasil 2026;19;Atacante;comum;a-confirmar;assets/images/stickers/selecoes-2026/wc26-brasil-2026/wc26-brasil-2026-jogador-19-a-confirmar-19.webp
wc26-brasil-2026-jogador-20-a-confirmar-20;Jogador 20 — a confirmar;Brasil 2026;20;Atacante;comum;a-confirmar;assets/images/stickers/selecoes-2026/wc26-brasil-2026/wc26-brasil-2026-jogador-20-a-confirmar-20.webp
wc26-brasil-2026-jogador-21-a-confirmar-21;Jogador 21 — a confirmar;Brasil 2026;21;Atacante;comum;a-confirmar;assets/images/stickers/selecoes-2026/wc26-brasil-2026/wc26-brasil-2026-jogador-21-a-confirmar-21.webp
wc26-brasil-2026-jogador-22-a-confirmar-22;Jogador 22 — a confirmar;Brasil 2026;22;Atacante;comum;a-confirmar;assets/images/stickers/selecoes-2026/wc26-brasil-2026/wc26-brasil-2026-jogador-22-a-confirmar-22.webp
wc26-brasil-2026-jogador-23-a-confirmar-23;Jogador 23 — a confirmar;Brasil 2026;23;Atacante;comum;a-confirmar;assets/images/stickers/selecoes-2026/wc26-brasil-2026/wc26-brasil-2026-jogador-23-a-confirmar-23.webp
wc26-brasil-2026-jogador-24-a-confirmar-24;Jogador 24 — a confirmar;Brasil 2026;24;Atacante;comum;a-confirmar;assets/images/stickers/selecoes-2026/wc26-brasil-2026/wc26-brasil-2026-jogador-24-a-confirmar-24.webp
wc26-brasil-2026-jogador-25-a-confirmar-25;Jogador 25 — a confirmar;Brasil 2026;25;Atacante;comum;a-confirmar;assets/images/stickers/selecoes-2026/wc26-brasil-2026/wc26-brasil-2026-jogador-25-a-confirmar-25.webp
wc26-brasil-2026-jogador-26-a-confirmar-26;Jogador 26 — a confirmar;Brasil 2026;26;Atacante;comum;a-confirmar;assets/images/stickers/selecoes-2026/wc26-brasil-2026/wc26-brasil-2026-jogador-26-a-confirmar-26.webp
wc26-argentina-messi-01;Messi;Argentina;10;Atacante;lendaria;parcial;assets/images/stickers/selecoes-2026/wc26-argentina/wc26-argentina-messi-01.webp
wc26-argentina-lautaro-martinez-02;Lautaro Martínez;Argentina;9;Atacante;ouro;parcial;assets/images/stickers/selecoes-2026/wc26-argentina/wc26-argentina-lautaro-martinez-02.webp
wc26-argentina-emiliano-martinez-03;Emiliano Martínez;Argentina;1;Goleiro;rara;parcial;assets/images/stickers/selecoes-2026/wc26-argentina/wc26-argentina-emiliano-martinez-03.webp
wc26-argentina-rodrigo-de-paul-04;Rodrigo De Paul;Argentina;7;Meia;rara;parcial;assets/images/stickers/selecoes-2026/wc26-argentina/wc26-argentina-rodrigo-de-paul-04.webp
wc26-argentina-jogador-05-a-confirmar-05;Jogador 05 — a confirmar;Argentina;5;Defensor;comum;a-confirmar;assets/images/stickers/selecoes-2026/wc26-argentina/wc26-argentina-jogador-05-a-confirmar-05.webp
wc26-argentina-jogador-06-a-confirmar-06;Jogador 06 — a confirmar;Argentina;6;Defensor;comum;a-confirmar;assets/images/stickers/selecoes-2026/wc26-argentina/wc26-argentina-jogador-06-a-confirmar-06.webp
wc26-argentina-jogador-07-a-confirmar-07;Jogador 07 — a confirmar;Argentina;7;Defensor;comum;a-confirmar;assets/images/stickers/selecoes-2026/wc26-argentina/wc26-argentina-jogador-07-a-confirmar-07.webp
wc26-argentina-jogador-08-a-confirmar-08;Jogador 08 — a confirmar;Argentina;8;Defensor;comum;a-confirmar;assets/images/stickers/selecoes-2026/wc26-argentina/wc26-argentina-jogador-08-a-confirmar-08.webp
wc26-argentina-jogador-09-a-confirmar-09;Jogador 09 — a confirmar;Argentina;9;Defensor;comum;a-confirmar;assets/images/stickers/selecoes-2026/wc26-argentina/wc26-argentina-jogador-09-a-confirmar-09.webp
wc26-argentina-jogador-10-a-confirmar-10;Jogador 10 — a confirmar;Argentina;10;Defensor;comum;a-confirmar;assets/images/stickers/selecoes-2026/wc26-argentina/wc26-argentina-jogador-10-a-confirmar-10.webp
wc26-argentina-jogador-11-a-confirmar-11;Jogador 11 — a confirmar;Argentina;11;Meia;comum;a-confirmar;assets/images/stickers/selecoes-2026/wc26-argentina/wc26-argentina-jogador-11-a-confirmar-11.webp
wc26-argentina-jogador-12-a-confirmar-12;Jogador 12 — a confirmar;Argentina;12;Meia;comum;a-confirmar;assets/images/stickers/selecoes-2026/wc26-argentina/wc26-argentina-jogador-12-a-confirmar-12.webp
wc26-argentina-jogador-13-a-confirmar-13;Jogador 13 — a confirmar;Argentina;13;Meia;comum;a-confirmar;assets/images/stickers/selecoes-2026/wc26-argentina/wc26-argentina-jogador-13-a-confirmar-13.webp
wc26-argentina-jogador-14-a-confirmar-14;Jogador 14 — a confirmar;Argentina;14;Meia;comum;a-confirmar;assets/images/stickers/selecoes-2026/wc26-argentina/wc26-argentina-jogador-14-a-confirmar-14.webp
wc26-argentina-jogador-15-a-confirmar-15;Jogador 15 — a confirmar;Argentina;15;Meia;comum;a-confirmar;assets/images/stickers/selecoes-2026/wc26-argentina/wc26-argentina-jogador-15-a-confirmar-15.webp
wc26-argentina-jogador-16-a-confirmar-16;Jogador 16 — a confirmar;Argentina;16;Meia;comum;a-confirmar;assets/images/stickers/selecoes-2026/wc26-argentina/wc26-argentina-jogador-16-a-confirmar-16.webp
wc26-argentina-jogador-17-a-confirmar-17;Jogador 17 — a confirmar;Argentina;17;Meia;comum;a-confirmar;assets/images/stickers/selecoes-2026/wc26-argentina/wc26-argentina-jogador-17-a-confirmar-17.webp
wc26-argentina-jogador-18-a-confirmar-18;Jogador 18 — a confirmar;Argentina;18;Meia;comum;a-confirmar;assets/images/stickers/selecoes-2026/wc26-argentina/wc26-argentina-jogador-18-a-confirmar-18.webp
wc26-argentina-jogador-19-a-confirmar-19;Jogador 19 — a confirmar;Argentina;19;Atacante;comum;a-confirmar;assets/images/stickers/selecoes-2026/wc26-argentina/wc26-argentina-jogador-19-a-confirmar-19.webp
wc26-argentina-jogador-20-a-confirmar-20;Jogador 20 — a confirmar;Argentina;20;Atacante;comum;a-confirmar;assets/images/stickers/selecoes-2026/wc26-argentina/wc26-argentina-jogador-20-a-confirmar-20.webp
wc26-argentina-jogador-21-a-confirmar-21;Jogador 21 — a confirmar;Argentina;21;Atacante;comum;a-confirmar;assets/images/stickers/selecoes-2026/wc26-argentina/wc26-argentina-jogador-21-a-confirmar-21.webp
wc26-argentina-jogador-22-a-confirmar-22;Jogador 22 — a confirmar;Argentina;22;Atacante;comum;a-confirmar;assets/images/stickers/selecoes-2026/wc26-argentina/wc26-argentina-jogador-22-a-confirmar-22.webp
wc26-argentina-jogador-23-a-confirmar-23;Jogador 23 — a confirmar;Argentina;23;Atacante;comum;a-confirmar;assets/images/stickers/selecoes-2026/wc26-argentina/wc26-argentina-jogador-23-a-confirmar-23.webp
wc26-argentina-jogador-24-a-confirmar-24;Jogador 24 — a confirmar;Argentina;24;Atacante;comum;a-confirmar;assets/images/stickers/selecoes-2026/wc26-argentina/wc26-argentina-jogador-24-a-confirmar-24.webp
wc26-argentina-jogador-25-a-confirmar-25;Jogador 25 — a confirmar;Argentina;25;Atacante;comum;a-confirmar;assets/images/stickers/selecoes-2026/wc26-argentina/wc26-argentina-jogador-25-a-confirmar-25.webp
wc26-argentina-jogador-26-a-confirmar-26;Jogador 26 — a confirmar;Argentina;26;Atacante;comum;a-confirmar;assets/images/stickers/selecoes-2026/wc26-argentina/wc26-argentina-jogador-26-a-confirmar-26.webp
wc26-colombia-luis-diaz-01;Luis Díaz;Colômbia;7;Atacante;ouro;parcial;assets/images/stickers/selecoes-2026/wc26-colombia/wc26-colombia-luis-diaz-01.webp
wc26-colombia-james-rodriguez-02;James Rodríguez;Colômbia;10;Meia;rara;parcial;assets/images/stickers/selecoes-2026/wc26-colombia/wc26-colombia-james-rodriguez-02.webp
wc26-colombia-davinson-sanchez-03;Davinson Sánchez;Colômbia;23;Zagueiro;comum;parcial;assets/images/stickers/selecoes-2026/wc26-colombia/wc26-colombia-davinson-sanchez-03.webp
wc26-colombia-camilo-vargas-04;Camilo Vargas;Colômbia;12;Goleiro;comum;parcial;assets/images/stickers/selecoes-2026/wc26-colombia/wc26-colombia-camilo-vargas-04.webp
wc26-colombia-jogador-05-a-confirmar-05;Jogador 05 — a confirmar;Colômbia;5;Defensor;comum;a-confirmar;assets/images/stickers/selecoes-2026/wc26-colombia/wc26-colombia-jogador-05-a-confirmar-05.webp
wc26-colombia-jogador-06-a-confirmar-06;Jogador 06 — a confirmar;Colômbia;6;Defensor;comum;a-confirmar;assets/images/stickers/selecoes-2026/wc26-colombia/wc26-colombia-jogador-06-a-confirmar-06.webp
wc26-colombia-jogador-07-a-confirmar-07;Jogador 07 — a confirmar;Colômbia;7;Defensor;comum;a-confirmar;assets/images/stickers/selecoes-2026/wc26-colombia/wc26-colombia-jogador-07-a-confirmar-07.webp
wc26-colombia-jogador-08-a-confirmar-08;Jogador 08 — a confirmar;Colômbia;8;Defensor;comum;a-confirmar;assets/images/stickers/selecoes-2026/wc26-colombia/wc26-colombia-jogador-08-a-confirmar-08.webp
wc26-colombia-jogador-09-a-confirmar-09;Jogador 09 — a confirmar;Colômbia;9;Defensor;comum;a-confirmar;assets/images/stickers/selecoes-2026/wc26-colombia/wc26-colombia-jogador-09-a-confirmar-09.webp
wc26-colombia-jogador-10-a-confirmar-10;Jogador 10 — a confirmar;Colômbia;10;Defensor;comum;a-confirmar;assets/images/stickers/selecoes-2026/wc26-colombia/wc26-colombia-jogador-10-a-confirmar-10.webp
wc26-colombia-jogador-11-a-confirmar-11;Jogador 11 — a confirmar;Colômbia;11;Meia;comum;a-confirmar;assets/images/stickers/selecoes-2026/wc26-colombia/wc26-colombia-jogador-11-a-confirmar-11.webp
wc26-colombia-jogador-12-a-confirmar-12;Jogador 12 — a confirmar;Colômbia;12;Meia;comum;a-confirmar;assets/images/stickers/selecoes-2026/wc26-colombia/wc26-colombia-jogador-12-a-confirmar-12.webp
wc26-colombia-jogador-13-a-confirmar-13;Jogador 13 — a confirmar;Colômbia;13;Meia;comum;a-confirmar;assets/images/stickers/selecoes-2026/wc26-colombia/wc26-colombia-jogador-13-a-confirmar-13.webp
wc26-colombia-jogador-14-a-confirmar-14;Jogador 14 — a confirmar;Colômbia;14;Meia;comum;a-confirmar;assets/images/stickers/selecoes-2026/wc26-colombia/wc26-colombia-jogador-14-a-confirmar-14.webp
wc26-colombia-jogador-15-a-confirmar-15;Jogador 15 — a confirmar;Colômbia;15;Meia;comum;a-confirmar;assets/images/stickers/selecoes-2026/wc26-colombia/wc26-colombia-jogador-15-a-confirmar-15.webp
wc26-colombia-jogador-16-a-confirmar-16;Jogador 16 — a confirmar;Colômbia;16;Meia;comum;a-confirmar;assets/images/stickers/selecoes-2026/wc26-colombia/wc26-colombia-jogador-16-a-confirmar-16.webp
wc26-colombia-jogador-17-a-confirmar-17;Jogador 17 — a confirmar;Colômbia;17;Meia;comum;a-confirmar;assets/images/stickers/selecoes-2026/wc26-colombia/wc26-colombia-jogador-17-a-confirmar-17.webp
wc26-colombia-jogador-18-a-confirmar-18;Jogador 18 — a confirmar;Colômbia;18;Meia;comum;a-confirmar;assets/images/stickers/selecoes-2026/wc26-colombia/wc26-colombia-jogador-18-a-confirmar-18.webp
wc26-colombia-jogador-19-a-confirmar-19;Jogador 19 — a confirmar;Colômbia;19;Atacante;comum;a-confirmar;assets/images/stickers/selecoes-2026/wc26-colombia/wc26-colombia-jogador-19-a-confirmar-19.webp
wc26-colombia-jogador-20-a-confirmar-20;Jogador 20 — a confirmar;Colômbia;20;Atacante;comum;a-confirmar;assets/images/stickers/selecoes-2026/wc26-colombia/wc26-colombia-jogador-20-a-confirmar-20.webp
wc26-colombia-jogador-21-a-confirmar-21;Jogador 21 — a confirmar;Colômbia;21;Atacante;comum;a-confirmar;assets/images/stickers/selecoes-2026/wc26-colombia/wc26-colombia-jogador-21-a-confirmar-21.webp
wc26-colombia-jogador-22-a-confirmar-22;Jogador 22 — a confirmar;Colômbia;22;Atacante;comum;a-confirmar;assets/images/stickers/selecoes-2026/wc26-colombia/wc26-colombia-jogador-22-a-confirmar-22.webp
wc26-colombia-jogador-23-a-confirmar-23;Jogador 23 — a confirmar;Colômbia;23;Atacante;comum;a-confirmar;assets/images/stickers/selecoes-2026/wc26-colombia/wc26-colombia-jogador-23-a-confirmar-23.webp
wc26-colombia-jogador-24-a-confirmar-24;Jogador 24 — a confirmar;Colômbia;24;Atacante;comum;a-confirmar;assets/images/stickers/selecoes-2026/wc26-colombia/wc26-colombia-jogador-24-a-confirmar-24.webp
wc26-colombia-jogador-25-a-confirmar-25;Jogador 25 — a confirmar;Colômbia;25;Atacante;comum;a-confirmar;assets/images/stickers/selecoes-2026/wc26-colombia/wc26-colombia-jogador-25-a-confirmar-25.webp
wc26-colombia-jogador-26-a-confirmar-26;Jogador 26 — a confirmar;Colômbia;26;Atacante;comum;a-confirmar;assets/images/stickers/selecoes-2026/wc26-colombia/wc26-colombia-jogador-26-a-confirmar-26.webp
wc26-equador-jogador-01-a-confirmar-01;Jogador 01 — a confirmar;Equador;1;Goleiro;comum;a-confirmar;assets/images/stickers/selecoes-2026/wc26-equador/wc26-equador-jogador-01-a-confirmar-01.webp
wc26-equador-jogador-02-a-confirmar-02;Jogador 02 — a confirmar;Equador;2;Goleiro;comum;a-confirmar;assets/images/stickers/selecoes-2026/wc26-equador/wc26-equador-jogador-02-a-confirmar-02.webp
wc26-equador-jogador-03-a-confirmar-03;Jogador 03 — a confirmar;Equador;3;Goleiro;comum;a-confirmar;assets/images/stickers/selecoes-2026/wc26-equador/wc26-equador-jogador-03-a-confirmar-03.webp
wc26-equador-jogador-04-a-confirmar-04;Jogador 04 — a confirmar;Equador;4;Defensor;comum;a-confirmar;assets/images/stickers/selecoes-2026/wc26-equador/wc26-equador-jogador-04-a-confirmar-04.webp
wc26-equador-jogador-05-a-confirmar-05;Jogador 05 — a confirmar;Equador;5;Defensor;comum;a-confirmar;assets/images/stickers/selecoes-2026/wc26-equador/wc26-equador-jogador-05-a-confirmar-05.webp
wc26-equador-jogador-06-a-confirmar-06;Jogador 06 — a confirmar;Equador;6;Defensor;comum;a-confirmar;assets/images/stickers/selecoes-2026/wc26-equador/wc26-equador-jogador-06-a-confirmar-06.webp
wc26-equador-jogador-07-a-confirmar-07;Jogador 07 — a confirmar;Equador;7;Defensor;comum;a-confirmar;assets/images/stickers/selecoes-2026/wc26-equador/wc26-equador-jogador-07-a-confirmar-07.webp
wc26-equador-jogador-08-a-confirmar-08;Jogador 08 — a confirmar;Equador;8;Defensor;comum;a-confirmar;assets/images/stickers/selecoes-2026/wc26-equador/wc26-equador-jogador-08-a-confirmar-08.webp
wc26-equador-jogador-09-a-confirmar-09;Jogador 09 — a confirmar;Equador;9;Defensor;comum;a-confirmar;assets/images/stickers/selecoes-2026/wc26-equador/wc26-equador-jogador-09-a-confirmar-09.webp
wc26-equador-jogador-10-a-confirmar-10;Jogador 10 — a confirmar;Equador;10;Defensor;comum;a-confirmar;assets/images/stickers/selecoes-2026/wc26-equador/wc26-equador-jogador-10-a-confirmar-10.webp
wc26-equador-jogador-11-a-confirmar-11;Jogador 11 — a confirmar;Equador;11;Meia;comum;a-confirmar;assets/images/stickers/selecoes-2026/wc26-equador/wc26-equador-jogador-11-a-confirmar-11.webp
wc26-equador-jogador-12-a-confirmar-12;Jogador 12 — a confirmar;Equador;12;Meia;comum;a-confirmar;assets/images/stickers/selecoes-2026/wc26-equador/wc26-equador-jogador-12-a-confirmar-12.webp
wc26-equador-jogador-13-a-confirmar-13;Jogador 13 — a confirmar;Equador;13;Meia;comum;a-confirmar;assets/images/stickers/selecoes-2026/wc26-equador/wc26-equador-jogador-13-a-confirmar-13.webp
wc26-equador-jogador-14-a-confirmar-14;Jogador 14 — a confirmar;Equador;14;Meia;comum;a-confirmar;assets/images/stickers/selecoes-2026/wc26-equador/wc26-equador-jogador-14-a-confirmar-14.webp
wc26-equador-jogador-15-a-confirmar-15;Jogador 15 — a confirmar;Equador;15;Meia;comum;a-confirmar;assets/images/stickers/selecoes-2026/wc26-equador/wc26-equador-jogador-15-a-confirmar-15.webp
wc26-equador-jogador-16-a-confirmar-16;Jogador 16 — a confirmar;Equador;16;Meia;comum;a-confirmar;assets/images/stickers/selecoes-2026/wc26-equador/wc26-equador-jogador-16-a-confirmar-16.webp
wc26-equador-jogador-17-a-confirmar-17;Jogador 17 — a confirmar;Equador;17;Meia;comum;a-confirmar;assets/images/stickers/selecoes-2026/wc26-equador/wc26-equador-jogador-17-a-confirmar-17.webp
wc26-equador-jogador-18-a-confirmar-18;Jogador 18 — a confirmar;Equador;18;Meia;comum;a-confirmar;assets/images/stickers/selecoes-2026/wc26-equador/wc26-equador-jogador-18-a-confirmar-18.webp
wc26-equador-jogador-19-a-confirmar-19;Jogador 19 — a confirmar;Equador;19;Atacante;comum;a-confirmar;assets/images/stickers/selecoes-2026/wc26-equador/wc26-equador-jogador-19-a-confirmar-19.webp
wc26-equador-jogador-20-a-confirmar-20;Jogador 20 — a confirmar;Equador;20;Atacante;comum;a-confirmar;assets/images/stickers/selecoes-2026/wc26-equador/wc26-equador-jogador-20-a-confirmar-20.webp
wc26-equador-jogador-21-a-confirmar-21;Jogador 21 — a confirmar;Equador;21;Atacante;comum;a-confirmar;assets/images/stickers/selecoes-2026/wc26-equador/wc26-equador-jogador-21-a-confirmar-21.webp
wc26-equador-jogador-22-a-confirmar-22;Jogador 22 — a confirmar;Equador;22;Atacante;comum;a-confirmar;assets/images/stickers/selecoes-2026/wc26-equador/wc26-equador-jogador-22-a-confirmar-22.webp
wc26-equador-jogador-23-a-confirmar-23;Jogador 23 — a confirmar;Equador;23;Atacante;comum;a-confirmar;assets/images/stickers/selecoes-2026/wc26-equador/wc26-equador-jogador-23-a-confirmar-23.webp
wc26-equador-jogador-24-a-confirmar-24;Jogador 24 — a confirmar;Equador;24;Atacante;comum;a-confirmar;assets/images/stickers/selecoes-2026/wc26-equador/wc26-equador-jogador-24-a-confirmar-24.webp
wc26-equador-jogador-25-a-confirmar-25;Jogador 25 — a confirmar;Equador;25;Atacante;comum;a-confirmar;assets/images/stickers/selecoes-2026/wc26-equador/wc26-equador-jogador-25-a-confirmar-25.webp
wc26-equador-jogador-26-a-confirmar-26;Jogador 26 — a confirmar;Equador;26;Atacante;comum;a-confirmar;assets/images/stickers/selecoes-2026/wc26-equador/wc26-equador-jogador-26-a-confirmar-26.webp
wc26-paraguai-jogador-01-a-confirmar-01;Jogador 01 — a confirmar;Paraguai;1;Goleiro;comum;a-confirmar;assets/images/stickers/selecoes-2026/wc26-paraguai/wc26-paraguai-jogador-01-a-confirmar-01.webp
wc26-paraguai-jogador-02-a-confirmar-02;Jogador 02 — a confirmar;Paraguai;2;Goleiro;comum;a-confirmar;assets/images/stickers/selecoes-2026/wc26-paraguai/wc26-paraguai-jogador-02-a-confirmar-02.webp
wc26-paraguai-jogador-03-a-confirmar-03;Jogador 03 — a confirmar;Paraguai;3;Goleiro;comum;a-confirmar;assets/images/stickers/selecoes-2026/wc26-paraguai/wc26-paraguai-jogador-03-a-confirmar-03.webp
wc26-paraguai-jogador-04-a-confirmar-04;Jogador 04 — a confirmar;Paraguai;4;Defensor;comum;a-confirmar;assets/images/stickers/selecoes-2026/wc26-paraguai/wc26-paraguai-jogador-04-a-confirmar-04.webp
wc26-paraguai-jogador-05-a-confirmar-05;Jogador 05 — a confirmar;Paraguai;5;Defensor;comum;a-confirmar;assets/images/stickers/selecoes-2026/wc26-paraguai/wc26-paraguai-jogador-05-a-confirmar-05.webp
wc26-paraguai-jogador-06-a-confirmar-06;Jogador 06 — a confirmar;Paraguai;6;Defensor;comum;a-confirmar;assets/images/stickers/selecoes-2026/wc26-paraguai/wc26-paraguai-jogador-06-a-confirmar-06.webp
wc26-paraguai-jogador-07-a-confirmar-07;Jogador 07 — a confirmar;Paraguai;7;Defensor;comum;a-confirmar;assets/images/stickers/selecoes-2026/wc26-paraguai/wc26-paraguai-jogador-07-a-confirmar-07.webp
wc26-paraguai-jogador-08-a-confirmar-08;Jogador 08 — a confirmar;Paraguai;8;Defensor;comum;a-confirmar;assets/images/stickers/selecoes-2026/wc26-paraguai/wc26-paraguai-jogador-08-a-confirmar-08.webp
wc26-paraguai-jogador-09-a-confirmar-09;Jogador 09 — a confirmar;Paraguai;9;Defensor;comum;a-confirmar;assets/images/stickers/selecoes-2026/wc26-paraguai/wc26-paraguai-jogador-09-a-confirmar-09.webp
wc26-paraguai-jogador-10-a-confirmar-10;Jogador 10 — a confirmar;Paraguai;10;Defensor;comum;a-confirmar;assets/images/stickers/selecoes-2026/wc26-paraguai/wc26-paraguai-jogador-10-a-confirmar-10.webp
wc26-paraguai-jogador-11-a-confirmar-11;Jogador 11 — a confirmar;Paraguai;11;Meia;comum;a-confirmar;assets/images/stickers/selecoes-2026/wc26-paraguai/wc26-paraguai-jogador-11-a-confirmar-11.webp
wc26-paraguai-jogador-12-a-confirmar-12;Jogador 12 — a confirmar;Paraguai;12;Meia;comum;a-confirmar;assets/images/stickers/selecoes-2026/wc26-paraguai/wc26-paraguai-jogador-12-a-confirmar-12.webp
wc26-paraguai-jogador-13-a-confirmar-13;Jogador 13 — a confirmar;Paraguai;13;Meia;comum;a-confirmar;assets/images/stickers/selecoes-2026/wc26-paraguai/wc26-paraguai-jogador-13-a-confirmar-13.webp
wc26-paraguai-jogador-14-a-confirmar-14;Jogador 14 — a confirmar;Paraguai;14;Meia;comum;a-confirmar;assets/images/stickers/selecoes-2026/wc26-paraguai/wc26-paraguai-jogador-14-a-confirmar-14.webp
wc26-paraguai-jogador-15-a-confirmar-15;Jogador 15 — a confirmar;Paraguai;15;Meia;comum;a-confirmar;assets/images/stickers/selecoes-2026/wc26-paraguai/wc26-paraguai-jogador-15-a-confirmar-15.webp
wc26-paraguai-jogador-16-a-confirmar-16;Jogador 16 — a confirmar;Paraguai;16;Meia;comum;a-confirmar;assets/images/stickers/selecoes-2026/wc26-paraguai/wc26-paraguai-jogador-16-a-confirmar-16.webp
wc26-paraguai-jogador-17-a-confirmar-17;Jogador 17 — a confirmar;Paraguai;17;Meia;comum;a-confirmar;assets/images/stickers/selecoes-2026/wc26-paraguai/wc26-paraguai-jogador-17-a-confirmar-17.webp
wc26-paraguai-jogador-18-a-confirmar-18;Jogador 18 — a confirmar;Paraguai;18;Meia;comum;a-confirmar;assets/images/stickers/selecoes-2026/wc26-paraguai/wc26-paraguai-jogador-18-a-confirmar-18.webp
wc26-paraguai-jogador-19-a-confirmar-19;Jogador 19 — a confirmar;Paraguai;19;Atacante;comum;a-confirmar;assets/images/stickers/selecoes-2026/wc26-paraguai/wc26-paraguai-jogador-19-a-confirmar-19.webp
wc26-paraguai-jogador-20-a-confirmar-20;Jogador 20 — a confirmar;Paraguai;20;Atacante;comum;a-confirmar;assets/images/stickers/selecoes-2026/wc26-paraguai/wc26-paraguai-jogador-20-a-confirmar-20.webp
wc26-paraguai-jogador-21-a-confirmar-21;Jogador 21 — a confirmar;Paraguai;21;Atacante;comum;a-confirmar;assets/images/stickers/selecoes-2026/wc26-paraguai/wc26-paraguai-jogador-21-a-confirmar-21.webp
wc26-paraguai-jogador-22-a-confirmar-22;Jogador 22 — a confirmar;Paraguai;22;Atacante;comum;a-confirmar;assets/images/stickers/selecoes-2026/wc26-paraguai/wc26-paraguai-jogador-22-a-confirmar-22.webp
wc26-paraguai-jogador-23-a-confirmar-23;Jogador 23 — a confirmar;Paraguai;23;Atacante;comum;a-confirmar;assets/images/stickers/selecoes-2026/wc26-paraguai/wc26-paraguai-jogador-23-a-confirmar-23.webp
wc26-paraguai-jogador-24-a-confirmar-24;Jogador 24 — a confirmar;Paraguai;24;Atacante;comum;a-confirmar;assets/images/stickers/selecoes-2026/wc26-paraguai/wc26-paraguai-jogador-24-a-confirmar-24.webp
wc26-paraguai-jogador-25-a-confirmar-25;Jogador 25 — a confirmar;Paraguai;25;Atacante;comum;a-confirmar;assets/images/stickers/selecoes-2026/wc26-paraguai/wc26-paraguai-jogador-25-a-confirmar-25.webp
wc26-paraguai-jogador-26-a-confirmar-26;Jogador 26 — a confirmar;Paraguai;26;Atacante;comum;a-confirmar;assets/images/stickers/selecoes-2026/wc26-paraguai/wc26-paraguai-jogador-26-a-confirmar-26.webp
wc26-uruguai-valverde-01;Valverde;Uruguai;15;Meia;ouro;parcial;assets/images/stickers/selecoes-2026/wc26-uruguai/wc26-uruguai-valverde-01.webp
wc26-uruguai-darwin-nunez-02;Darwin Núñez;Uruguai;9;Atacante;rara;parcial;assets/images/stickers/selecoes-2026/wc26-uruguai/wc26-uruguai-darwin-nunez-02.webp
wc26-uruguai-arrascaeta-03;Arrascaeta;Uruguai;10;Meia;rara;parcial;assets/images/stickers/selecoes-2026/wc26-uruguai/wc26-uruguai-arrascaeta-03.webp
wc26-uruguai-rochet-04;Rochet;Uruguai;1;Goleiro;comum;parcial;assets/images/stickers/selecoes-2026/wc26-uruguai/wc26-uruguai-rochet-04.webp
wc26-uruguai-jogador-05-a-confirmar-05;Jogador 05 — a confirmar;Uruguai;5;Defensor;comum;a-confirmar;assets/images/stickers/selecoes-2026/wc26-uruguai/wc26-uruguai-jogador-05-a-confirmar-05.webp
wc26-uruguai-jogador-06-a-confirmar-06;Jogador 06 — a confirmar;Uruguai;6;Defensor;comum;a-confirmar;assets/images/stickers/selecoes-2026/wc26-uruguai/wc26-uruguai-jogador-06-a-confirmar-06.webp
wc26-uruguai-jogador-07-a-confirmar-07;Jogador 07 — a confirmar;Uruguai;7;Defensor;comum;a-confirmar;assets/images/stickers/selecoes-2026/wc26-uruguai/wc26-uruguai-jogador-07-a-confirmar-07.webp
wc26-uruguai-jogador-08-a-confirmar-08;Jogador 08 — a confirmar;Uruguai;8;Defensor;comum;a-confirmar;assets/images/stickers/selecoes-2026/wc26-uruguai/wc26-uruguai-jogador-08-a-confirmar-08.webp
wc26-uruguai-jogador-09-a-confirmar-09;Jogador 09 — a confirmar;Uruguai;9;Defensor;comum;a-confirmar;assets/images/stickers/selecoes-2026/wc26-uruguai/wc26-uruguai-jogador-09-a-confirmar-09.webp
wc26-uruguai-jogador-10-a-confirmar-10;Jogador 10 — a confirmar;Uruguai;10;Defensor;comum;a-confirmar;assets/images/stickers/selecoes-2026/wc26-uruguai/wc26-uruguai-jogador-10-a-confirmar-10.webp
wc26-uruguai-jogador-11-a-confirmar-11;Jogador 11 — a confirmar;Uruguai;11;Meia;comum;a-confirmar;assets/images/stickers/selecoes-2026/wc26-uruguai/wc26-uruguai-jogador-11-a-confirmar-11.webp
wc26-uruguai-jogador-12-a-confirmar-12;Jogador 12 — a confirmar;Uruguai;12;Meia;comum;a-confirmar;assets/images/stickers/selecoes-2026/wc26-uruguai/wc26-uruguai-jogador-12-a-confirmar-12.webp
wc26-uruguai-jogador-13-a-confirmar-13;Jogador 13 — a confirmar;Uruguai;13;Meia;comum;a-confirmar;assets/images/stickers/selecoes-2026/wc26-uruguai/wc26-uruguai-jogador-13-a-confirmar-13.webp
wc26-uruguai-jogador-14-a-confirmar-14;Jogador 14 — a confirmar;Uruguai;14;Meia;comum;a-confirmar;assets/images/stickers/selecoes-2026/wc26-uruguai/wc26-uruguai-jogador-14-a-confirmar-14.webp
wc26-uruguai-jogador-15-a-confirmar-15;Jogador 15 — a confirmar;Uruguai;15;Meia;comum;a-confirmar;assets/images/stickers/selecoes-2026/wc26-uruguai/wc26-uruguai-jogador-15-a-confirmar-15.webp
wc26-uruguai-jogador-16-a-confirmar-16;Jogador 16 — a confirmar;Uruguai;16;Meia;comum;a-confirmar;assets/images/stickers/selecoes-2026/wc26-uruguai/wc26-uruguai-jogador-16-a-confirmar-16.webp
wc26-uruguai-jogador-17-a-confirmar-17;Jogador 17 — a confirmar;Uruguai;17;Meia;comum;a-confirmar;assets/images/stickers/selecoes-2026/wc26-uruguai/wc26-uruguai-jogador-17-a-confirmar-17.webp
wc26-uruguai-jogador-18-a-confirmar-18;Jogador 18 — a confirmar;Uruguai;18;Meia;comum;a-confirmar;assets/images/stickers/selecoes-2026/wc26-uruguai/wc26-uruguai-jogador-18-a-confirmar-18.webp
wc26-uruguai-jogador-19-a-confirmar-19;Jogador 19 — a confirmar;Uruguai;19;Atacante;comum;a-confirmar;assets/images/stickers/selecoes-2026/wc26-uruguai/wc26-uruguai-jogador-19-a-confirmar-19.webp
wc26-uruguai-jogador-20-a-confirmar-20;Jogador 20 — a confirmar;Uruguai;20;Atacante;comum;a-confirmar;assets/images/stickers/selecoes-2026/wc26-uruguai/wc26-uruguai-jogador-20-a-confirmar-20.webp
wc26-uruguai-jogador-21-a-confirmar-21;Jogador 21 — a confirmar;Uruguai;21;Atacante;comum;a-confirmar;assets/images/stickers/selecoes-2026/wc26-uruguai/wc26-uruguai-jogador-21-a-confirmar-21.webp
wc26-uruguai-jogador-22-a-confirmar-22;Jogador 22 — a confirmar;Uruguai;22;Atacante;comum;a-confirmar;assets/images/stickers/selecoes-2026/wc26-uruguai/wc26-uruguai-jogador-22-a-confirmar-22.webp
wc26-uruguai-jogador-23-a-confirmar-23;Jogador 23 — a confirmar;Uruguai;23;Atacante;comum;a-confirmar;assets/images/stickers/selecoes-2026/wc26-uruguai/wc26-uruguai-jogador-23-a-confirmar-23.webp
wc26-uruguai-jogador-24-a-confirmar-24;Jogador 24 — a confirmar;Uruguai;24;Atacante;comum;a-confirmar;assets/images/stickers/selecoes-2026/wc26-uruguai/wc26-uruguai-jogador-24-a-confirmar-24.webp
wc26-uruguai-jogador-25-a-confirmar-25;Jogador 25 — a confirmar;Uruguai;25;Atacante;comum;a-confirmar;assets/images/stickers/selecoes-2026/wc26-uruguai/wc26-uruguai-jogador-25-a-confirmar-25.webp
wc26-uruguai-jogador-26-a-confirmar-26;Jogador 26 — a confirmar;Uruguai;26;Atacante;comum;a-confirmar;assets/images/stickers/selecoes-2026/wc26-uruguai/wc26-uruguai-jogador-26-a-confirmar-26.webp
wc26-japao-kubo-01;Kubo;Japão;20;Meia;rara;parcial;assets/images/stickers/selecoes-2026/wc26-japao/wc26-japao-kubo-01.webp
wc26-japao-mitoma-02;Mitoma;Japão;7;Ponta;rara;parcial;assets/images/stickers/selecoes-2026/wc26-japao/wc26-japao-mitoma-02.webp
wc26-japao-endo-03;Endo;Japão;6;Volante;comum;parcial;assets/images/stickers/selecoes-2026/wc26-japao/wc26-japao-endo-03.webp
wc26-japao-suzuki-04;Suzuki;Japão;1;Goleiro;comum;parcial;assets/images/stickers/selecoes-2026/wc26-japao/wc26-japao-suzuki-04.webp
wc26-japao-jogador-05-a-confirmar-05;Jogador 05 — a confirmar;Japão;5;Defensor;comum;a-confirmar;assets/images/stickers/selecoes-2026/wc26-japao/wc26-japao-jogador-05-a-confirmar-05.webp
wc26-japao-jogador-06-a-confirmar-06;Jogador 06 — a confirmar;Japão;6;Defensor;comum;a-confirmar;assets/images/stickers/selecoes-2026/wc26-japao/wc26-japao-jogador-06-a-confirmar-06.webp
wc26-japao-jogador-07-a-confirmar-07;Jogador 07 — a confirmar;Japão;7;Defensor;comum;a-confirmar;assets/images/stickers/selecoes-2026/wc26-japao/wc26-japao-jogador-07-a-confirmar-07.webp
wc26-japao-jogador-08-a-confirmar-08;Jogador 08 — a confirmar;Japão;8;Defensor;comum;a-confirmar;assets/images/stickers/selecoes-2026/wc26-japao/wc26-japao-jogador-08-a-confirmar-08.webp
wc26-japao-jogador-09-a-confirmar-09;Jogador 09 — a confirmar;Japão;9;Defensor;comum;a-confirmar;assets/images/stickers/selecoes-2026/wc26-japao/wc26-japao-jogador-09-a-confirmar-09.webp
wc26-japao-jogador-10-a-confirmar-10;Jogador 10 — a confirmar;Japão;10;Defensor;comum;a-confirmar;assets/images/stickers/selecoes-2026/wc26-japao/wc26-japao-jogador-10-a-confirmar-10.webp
wc26-japao-jogador-11-a-confirmar-11;Jogador 11 — a confirmar;Japão;11;Meia;comum;a-confirmar;assets/images/stickers/selecoes-2026/wc26-japao/wc26-japao-jogador-11-a-confirmar-11.webp
wc26-japao-jogador-12-a-confirmar-12;Jogador 12 — a confirmar;Japão;12;Meia;comum;a-confirmar;assets/images/stickers/selecoes-2026/wc26-japao/wc26-japao-jogador-12-a-confirmar-12.webp
wc26-japao-jogador-13-a-confirmar-13;Jogador 13 — a confirmar;Japão;13;Meia;comum;a-confirmar;assets/images/stickers/selecoes-2026/wc26-japao/wc26-japao-jogador-13-a-confirmar-13.webp
wc26-japao-jogador-14-a-confirmar-14;Jogador 14 — a confirmar;Japão;14;Meia;comum;a-confirmar;assets/images/stickers/selecoes-2026/wc26-japao/wc26-japao-jogador-14-a-confirmar-14.webp
wc26-japao-jogador-15-a-confirmar-15;Jogador 15 — a confirmar;Japão;15;Meia;comum;a-confirmar;assets/images/stickers/selecoes-2026/wc26-japao/wc26-japao-jogador-15-a-confirmar-15.webp
wc26-japao-jogador-16-a-confirmar-16;Jogador 16 — a confirmar;Japão;16;Meia;comum;a-confirmar;assets/images/stickers/selecoes-2026/wc26-japao/wc26-japao-jogador-16-a-confirmar-16.webp
wc26-japao-jogador-17-a-confirmar-17;Jogador 17 — a confirmar;Japão;17;Meia;comum;a-confirmar;assets/images/stickers/selecoes-2026/wc26-japao/wc26-japao-jogador-17-a-confirmar-17.webp
wc26-japao-jogador-18-a-confirmar-18;Jogador 18 — a confirmar;Japão;18;Meia;comum;a-confirmar;assets/images/stickers/selecoes-2026/wc26-japao/wc26-japao-jogador-18-a-confirmar-18.webp
wc26-japao-jogador-19-a-confirmar-19;Jogador 19 — a confirmar;Japão;19;Atacante;comum;a-confirmar;assets/images/stickers/selecoes-2026/wc26-japao/wc26-japao-jogador-19-a-confirmar-19.webp
wc26-japao-jogador-20-a-confirmar-20;Jogador 20 — a confirmar;Japão;20;Atacante;comum;a-confirmar;assets/images/stickers/selecoes-2026/wc26-japao/wc26-japao-jogador-20-a-confirmar-20.webp
wc26-japao-jogador-21-a-confirmar-21;Jogador 21 — a confirmar;Japão;21;Atacante;comum;a-confirmar;assets/images/stickers/selecoes-2026/wc26-japao/wc26-japao-jogador-21-a-confirmar-21.webp
wc26-japao-jogador-22-a-confirmar-22;Jogador 22 — a confirmar;Japão;22;Atacante;comum;a-confirmar;assets/images/stickers/selecoes-2026/wc26-japao/wc26-japao-jogador-22-a-confirmar-22.webp
wc26-japao-jogador-23-a-confirmar-23;Jogador 23 — a confirmar;Japão;23;Atacante;comum;a-confirmar;assets/images/stickers/selecoes-2026/wc26-japao/wc26-japao-jogador-23-a-confirmar-23.webp
wc26-japao-jogador-24-a-confirmar-24;Jogador 24 — a confirmar;Japão;24;Atacante;comum;a-confirmar;assets/images/stickers/selecoes-2026/wc26-japao/wc26-japao-jogador-24-a-confirmar-24.webp
wc26-japao-jogador-25-a-confirmar-25;Jogador 25 — a confirmar;Japão;25;Atacante;comum;a-confirmar;assets/images/stickers/selecoes-2026/wc26-japao/wc26-japao-jogador-25-a-confirmar-25.webp
wc26-japao-jogador-26-a-confirmar-26;Jogador 26 — a confirmar;Japão;26;Atacante;comum;a-confirmar;assets/images/stickers/selecoes-2026/wc26-japao/wc26-japao-jogador-26-a-confirmar-26.webp
wc26-ira-jogador-01-a-confirmar-01;Jogador 01 — a confirmar;Irã;1;Goleiro;comum;a-confirmar;assets/images/stickers/selecoes-2026/wc26-ira/wc26-ira-jogador-01-a-confirmar-01.webp
wc26-ira-jogador-02-a-confirmar-02;Jogador 02 — a confirmar;Irã;2;Goleiro;comum;a-confirmar;assets/images/stickers/selecoes-2026/wc26-ira/wc26-ira-jogador-02-a-confirmar-02.webp
wc26-ira-jogador-03-a-confirmar-03;Jogador 03 — a confirmar;Irã;3;Goleiro;comum;a-confirmar;assets/images/stickers/selecoes-2026/wc26-ira/wc26-ira-jogador-03-a-confirmar-03.webp
wc26-ira-jogador-04-a-confirmar-04;Jogador 04 — a confirmar;Irã;4;Defensor;comum;a-confirmar;assets/images/stickers/selecoes-2026/wc26-ira/wc26-ira-jogador-04-a-confirmar-04.webp
wc26-ira-jogador-05-a-confirmar-05;Jogador 05 — a confirmar;Irã;5;Defensor;comum;a-confirmar;assets/images/stickers/selecoes-2026/wc26-ira/wc26-ira-jogador-05-a-confirmar-05.webp
wc26-ira-jogador-06-a-confirmar-06;Jogador 06 — a confirmar;Irã;6;Defensor;comum;a-confirmar;assets/images/stickers/selecoes-2026/wc26-ira/wc26-ira-jogador-06-a-confirmar-06.webp
wc26-ira-jogador-07-a-confirmar-07;Jogador 07 — a confirmar;Irã;7;Defensor;comum;a-confirmar;assets/images/stickers/selecoes-2026/wc26-ira/wc26-ira-jogador-07-a-confirmar-07.webp
wc26-ira-jogador-08-a-confirmar-08;Jogador 08 — a confirmar;Irã;8;Defensor;comum;a-confirmar;assets/images/stickers/selecoes-2026/wc26-ira/wc26-ira-jogador-08-a-confirmar-08.webp
wc26-ira-jogador-09-a-confirmar-09;Jogador 09 — a confirmar;Irã;9;Defensor;comum;a-confirmar;assets/images/stickers/selecoes-2026/wc26-ira/wc26-ira-jogador-09-a-confirmar-09.webp
wc26-ira-jogador-10-a-confirmar-10;Jogador 10 — a confirmar;Irã;10;Defensor;comum;a-confirmar;assets/images/stickers/selecoes-2026/wc26-ira/wc26-ira-jogador-10-a-confirmar-10.webp
wc26-ira-jogador-11-a-confirmar-11;Jogador 11 — a confirmar;Irã;11;Meia;comum;a-confirmar;assets/images/stickers/selecoes-2026/wc26-ira/wc26-ira-jogador-11-a-confirmar-11.webp
wc26-ira-jogador-12-a-confirmar-12;Jogador 12 — a confirmar;Irã;12;Meia;comum;a-confirmar;assets/images/stickers/selecoes-2026/wc26-ira/wc26-ira-jogador-12-a-confirmar-12.webp
wc26-ira-jogador-13-a-confirmar-13;Jogador 13 — a confirmar;Irã;13;Meia;comum;a-confirmar;assets/images/stickers/selecoes-2026/wc26-ira/wc26-ira-jogador-13-a-confirmar-13.webp
wc26-ira-jogador-14-a-confirmar-14;Jogador 14 — a confirmar;Irã;14;Meia;comum;a-confirmar;assets/images/stickers/selecoes-2026/wc26-ira/wc26-ira-jogador-14-a-confirmar-14.webp
wc26-ira-jogador-15-a-confirmar-15;Jogador 15 — a confirmar;Irã;15;Meia;comum;a-confirmar;assets/images/stickers/selecoes-2026/wc26-ira/wc26-ira-jogador-15-a-confirmar-15.webp
wc26-ira-jogador-16-a-confirmar-16;Jogador 16 — a confirmar;Irã;16;Meia;comum;a-confirmar;assets/images/stickers/selecoes-2026/wc26-ira/wc26-ira-jogador-16-a-confirmar-16.webp
wc26-ira-jogador-17-a-confirmar-17;Jogador 17 — a confirmar;Irã;17;Meia;comum;a-confirmar;assets/images/stickers/selecoes-2026/wc26-ira/wc26-ira-jogador-17-a-confirmar-17.webp
wc26-ira-jogador-18-a-confirmar-18;Jogador 18 — a confirmar;Irã;18;Meia;comum;a-confirmar;assets/images/stickers/selecoes-2026/wc26-ira/wc26-ira-jogador-18-a-confirmar-18.webp
wc26-ira-jogador-19-a-confirmar-19;Jogador 19 — a confirmar;Irã;19;Atacante;comum;a-confirmar;assets/images/stickers/selecoes-2026/wc26-ira/wc26-ira-jogador-19-a-confirmar-19.webp
wc26-ira-jogador-20-a-confirmar-20;Jogador 20 — a confirmar;Irã;20;Atacante;comum;a-confirmar;assets/images/stickers/selecoes-2026/wc26-ira/wc26-ira-jogador-20-a-confirmar-20.webp
wc26-ira-jogador-21-a-confirmar-21;Jogador 21 — a confirmar;Irã;21;Atacante;comum;a-confirmar;assets/images/stickers/selecoes-2026/wc26-ira/wc26-ira-jogador-21-a-confirmar-21.webp
wc26-ira-jogador-22-a-confirmar-22;Jogador 22 — a confirmar;Irã;22;Atacante;comum;a-confirmar;assets/images/stickers/selecoes-2026/wc26-ira/wc26-ira-jogador-22-a-confirmar-22.webp
wc26-ira-jogador-23-a-confirmar-23;Jogador 23 — a confirmar;Irã;23;Atacante;comum;a-confirmar;assets/images/stickers/selecoes-2026/wc26-ira/wc26-ira-jogador-23-a-confirmar-23.webp
wc26-ira-jogador-24-a-confirmar-24;Jogador 24 — a confirmar;Irã;24;Atacante;comum;a-confirmar;assets/images/stickers/selecoes-2026/wc26-ira/wc26-ira-jogador-24-a-confirmar-24.webp
wc26-ira-jogador-25-a-confirmar-25;Jogador 25 — a confirmar;Irã;25;Atacante;comum;a-confirmar;assets/images/stickers/selecoes-2026/wc26-ira/wc26-ira-jogador-25-a-confirmar-25.webp
wc26-ira-jogador-26-a-confirmar-26;Jogador 26 — a confirmar;Irã;26;Atacante;comum;a-confirmar;assets/images/stickers/selecoes-2026/wc26-ira/wc26-ira-jogador-26-a-confirmar-26.webp
wc26-coreia-do-sul-son-01;Son;Coreia do Sul;7;Atacante;ouro;parcial;assets/images/stickers/selecoes-2026/wc26-coreia-do-sul/wc26-coreia-do-sul-son-01.webp
wc26-coreia-do-sul-kim-min-jae-02;Kim Min-jae;Coreia do Sul;4;Zagueiro;rara;parcial;assets/images/stickers/selecoes-2026/wc26-coreia-do-sul/wc26-coreia-do-sul-kim-min-jae-02.webp
wc26-coreia-do-sul-lee-kang-in-03;Lee Kang-in;Coreia do Sul;18;Meia;rara;parcial;assets/images/stickers/selecoes-2026/wc26-coreia-do-sul/wc26-coreia-do-sul-lee-kang-in-03.webp
wc26-coreia-do-sul-cho-04;Cho;Coreia do Sul;9;Atacante;comum;parcial;assets/images/stickers/selecoes-2026/wc26-coreia-do-sul/wc26-coreia-do-sul-cho-04.webp
wc26-coreia-do-sul-jogador-05-a-confirmar-05;Jogador 05 — a confirmar;Coreia do Sul;5;Defensor;comum;a-confirmar;assets/images/stickers/selecoes-2026/wc26-coreia-do-sul/wc26-coreia-do-sul-jogador-05-a-confirmar-05.webp
wc26-coreia-do-sul-jogador-06-a-confirmar-06;Jogador 06 — a confirmar;Coreia do Sul;6;Defensor;comum;a-confirmar;assets/images/stickers/selecoes-2026/wc26-coreia-do-sul/wc26-coreia-do-sul-jogador-06-a-confirmar-06.webp
wc26-coreia-do-sul-jogador-07-a-confirmar-07;Jogador 07 — a confirmar;Coreia do Sul;7;Defensor;comum;a-confirmar;assets/images/stickers/selecoes-2026/wc26-coreia-do-sul/wc26-coreia-do-sul-jogador-07-a-confirmar-07.webp
wc26-coreia-do-sul-jogador-08-a-confirmar-08;Jogador 08 — a confirmar;Coreia do Sul;8;Defensor;comum;a-confirmar;assets/images/stickers/selecoes-2026/wc26-coreia-do-sul/wc26-coreia-do-sul-jogador-08-a-confirmar-08.webp
wc26-coreia-do-sul-jogador-09-a-confirmar-09;Jogador 09 — a confirmar;Coreia do Sul;9;Defensor;comum;a-confirmar;assets/images/stickers/selecoes-2026/wc26-coreia-do-sul/wc26-coreia-do-sul-jogador-09-a-confirmar-09.webp
wc26-coreia-do-sul-jogador-10-a-confirmar-10;Jogador 10 — a confirmar;Coreia do Sul;10;Defensor;comum;a-confirmar;assets/images/stickers/selecoes-2026/wc26-coreia-do-sul/wc26-coreia-do-sul-jogador-10-a-confirmar-10.webp
wc26-coreia-do-sul-jogador-11-a-confirmar-11;Jogador 11 — a confirmar;Coreia do Sul;11;Meia;comum;a-confirmar;assets/images/stickers/selecoes-2026/wc26-coreia-do-sul/wc26-coreia-do-sul-jogador-11-a-confirmar-11.webp
wc26-coreia-do-sul-jogador-12-a-confirmar-12;Jogador 12 — a confirmar;Coreia do Sul;12;Meia;comum;a-confirmar;assets/images/stickers/selecoes-2026/wc26-coreia-do-sul/wc26-coreia-do-sul-jogador-12-a-confirmar-12.webp
wc26-coreia-do-sul-jogador-13-a-confirmar-13;Jogador 13 — a confirmar;Coreia do Sul;13;Meia;comum;a-confirmar;assets/images/stickers/selecoes-2026/wc26-coreia-do-sul/wc26-coreia-do-sul-jogador-13-a-confirmar-13.webp
wc26-coreia-do-sul-jogador-14-a-confirmar-14;Jogador 14 — a confirmar;Coreia do Sul;14;Meia;comum;a-confirmar;assets/images/stickers/selecoes-2026/wc26-coreia-do-sul/wc26-coreia-do-sul-jogador-14-a-confirmar-14.webp
wc26-coreia-do-sul-jogador-15-a-confirmar-15;Jogador 15 — a confirmar;Coreia do Sul;15;Meia;comum;a-confirmar;assets/images/stickers/selecoes-2026/wc26-coreia-do-sul/wc26-coreia-do-sul-jogador-15-a-confirmar-15.webp
wc26-coreia-do-sul-jogador-16-a-confirmar-16;Jogador 16 — a confirmar;Coreia do Sul;16;Meia;comum;a-confirmar;assets/images/stickers/selecoes-2026/wc26-coreia-do-sul/wc26-coreia-do-sul-jogador-16-a-confirmar-16.webp
wc26-coreia-do-sul-jogador-17-a-confirmar-17;Jogador 17 — a confirmar;Coreia do Sul;17;Meia;comum;a-confirmar;assets/images/stickers/selecoes-2026/wc26-coreia-do-sul/wc26-coreia-do-sul-jogador-17-a-confirmar-17.webp
wc26-coreia-do-sul-jogador-18-a-confirmar-18;Jogador 18 — a confirmar;Coreia do Sul;18;Meia;comum;a-confirmar;assets/images/stickers/selecoes-2026/wc26-coreia-do-sul/wc26-coreia-do-sul-jogador-18-a-confirmar-18.webp
wc26-coreia-do-sul-jogador-19-a-confirmar-19;Jogador 19 — a confirmar;Coreia do Sul;19;Atacante;comum;a-confirmar;assets/images/stickers/selecoes-2026/wc26-coreia-do-sul/wc26-coreia-do-sul-jogador-19-a-confirmar-19.webp
wc26-coreia-do-sul-jogador-20-a-confirmar-20;Jogador 20 — a confirmar;Coreia do Sul;20;Atacante;comum;a-confirmar;assets/images/stickers/selecoes-2026/wc26-coreia-do-sul/wc26-coreia-do-sul-jogador-20-a-confirmar-20.webp
wc26-coreia-do-sul-jogador-21-a-confirmar-21;Jogador 21 — a confirmar;Coreia do Sul;21;Atacante;comum;a-confirmar;assets/images/stickers/selecoes-2026/wc26-coreia-do-sul/wc26-coreia-do-sul-jogador-21-a-confirmar-21.webp
wc26-coreia-do-sul-jogador-22-a-confirmar-22;Jogador 22 — a confirmar;Coreia do Sul;22;Atacante;comum;a-confirmar;assets/images/stickers/selecoes-2026/wc26-coreia-do-sul/wc26-coreia-do-sul-jogador-22-a-confirmar-22.webp
wc26-coreia-do-sul-jogador-23-a-confirmar-23;Jogador 23 — a confirmar;Coreia do Sul;23;Atacante;comum;a-confirmar;assets/images/stickers/selecoes-2026/wc26-coreia-do-sul/wc26-coreia-do-sul-jogador-23-a-confirmar-23.webp
wc26-coreia-do-sul-jogador-24-a-confirmar-24;Jogador 24 — a confirmar;Coreia do Sul;24;Atacante;comum;a-confirmar;assets/images/stickers/selecoes-2026/wc26-coreia-do-sul/wc26-coreia-do-sul-jogador-24-a-confirmar-24.webp
wc26-coreia-do-sul-jogador-25-a-confirmar-25;Jogador 25 — a confirmar;Coreia do Sul;25;Atacante;comum;a-confirmar;assets/images/stickers/selecoes-2026/wc26-coreia-do-sul/wc26-coreia-do-sul-jogador-25-a-confirmar-25.webp
wc26-coreia-do-sul-jogador-26-a-confirmar-26;Jogador 26 — a confirmar;Coreia do Sul;26;Atacante;comum;a-confirmar;assets/images/stickers/selecoes-2026/wc26-coreia-do-sul/wc26-coreia-do-sul-jogador-26-a-confirmar-26.webp
wc26-australia-jogador-01-a-confirmar-01;Jogador 01 — a confirmar;Austrália;1;Goleiro;comum;a-confirmar;assets/images/stickers/selecoes-2026/wc26-australia/wc26-australia-jogador-01-a-confirmar-01.webp
wc26-australia-jogador-02-a-confirmar-02;Jogador 02 — a confirmar;Austrália;2;Goleiro;comum;a-confirmar;assets/images/stickers/selecoes-2026/wc26-australia/wc26-australia-jogador-02-a-confirmar-02.webp
wc26-australia-jogador-03-a-confirmar-03;Jogador 03 — a confirmar;Austrália;3;Goleiro;comum;a-confirmar;assets/images/stickers/selecoes-2026/wc26-australia/wc26-australia-jogador-03-a-confirmar-03.webp
wc26-australia-jogador-04-a-confirmar-04;Jogador 04 — a confirmar;Austrália;4;Defensor;comum;a-confirmar;assets/images/stickers/selecoes-2026/wc26-australia/wc26-australia-jogador-04-a-confirmar-04.webp
wc26-australia-jogador-05-a-confirmar-05;Jogador 05 — a confirmar;Austrália;5;Defensor;comum;a-confirmar;assets/images/stickers/selecoes-2026/wc26-australia/wc26-australia-jogador-05-a-confirmar-05.webp
wc26-australia-jogador-06-a-confirmar-06;Jogador 06 — a confirmar;Austrália;6;Defensor;comum;a-confirmar;assets/images/stickers/selecoes-2026/wc26-australia/wc26-australia-jogador-06-a-confirmar-06.webp
wc26-australia-jogador-07-a-confirmar-07;Jogador 07 — a confirmar;Austrália;7;Defensor;comum;a-confirmar;assets/images/stickers/selecoes-2026/wc26-australia/wc26-australia-jogador-07-a-confirmar-07.webp
wc26-australia-jogador-08-a-confirmar-08;Jogador 08 — a confirmar;Austrália;8;Defensor;comum;a-confirmar;assets/images/stickers/selecoes-2026/wc26-australia/wc26-australia-jogador-08-a-confirmar-08.webp
wc26-australia-jogador-09-a-confirmar-09;Jogador 09 — a confirmar;Austrália;9;Defensor;comum;a-confirmar;assets/images/stickers/selecoes-2026/wc26-australia/wc26-australia-jogador-09-a-confirmar-09.webp
wc26-australia-jogador-10-a-confirmar-10;Jogador 10 — a confirmar;Austrália;10;Defensor;comum;a-confirmar;assets/images/stickers/selecoes-2026/wc26-australia/wc26-australia-jogador-10-a-confirmar-10.webp
wc26-australia-jogador-11-a-confirmar-11;Jogador 11 — a confirmar;Austrália;11;Meia;comum;a-confirmar;assets/images/stickers/selecoes-2026/wc26-australia/wc26-australia-jogador-11-a-confirmar-11.webp
wc26-australia-jogador-12-a-confirmar-12;Jogador 12 — a confirmar;Austrália;12;Meia;comum;a-confirmar;assets/images/stickers/selecoes-2026/wc26-australia/wc26-australia-jogador-12-a-confirmar-12.webp
wc26-australia-jogador-13-a-confirmar-13;Jogador 13 — a confirmar;Austrália;13;Meia;comum;a-confirmar;assets/images/stickers/selecoes-2026/wc26-australia/wc26-australia-jogador-13-a-confirmar-13.webp
wc26-australia-jogador-14-a-confirmar-14;Jogador 14 — a confirmar;Austrália;14;Meia;comum;a-confirmar;assets/images/stickers/selecoes-2026/wc26-australia/wc26-australia-jogador-14-a-confirmar-14.webp
wc26-australia-jogador-15-a-confirmar-15;Jogador 15 — a confirmar;Austrália;15;Meia;comum;a-confirmar;assets/images/stickers/selecoes-2026/wc26-australia/wc26-australia-jogador-15-a-confirmar-15.webp
wc26-australia-jogador-16-a-confirmar-16;Jogador 16 — a confirmar;Austrália;16;Meia;comum;a-confirmar;assets/images/stickers/selecoes-2026/wc26-australia/wc26-australia-jogador-16-a-confirmar-16.webp
wc26-australia-jogador-17-a-confirmar-17;Jogador 17 — a confirmar;Austrália;17;Meia;comum;a-confirmar;assets/images/stickers/selecoes-2026/wc26-australia/wc26-australia-jogador-17-a-confirmar-17.webp
wc26-australia-jogador-18-a-confirmar-18;Jogador 18 — a confirmar;Austrália;18;Meia;comum;a-confirmar;assets/images/stickers/selecoes-2026/wc26-australia/wc26-australia-jogador-18-a-confirmar-18.webp
wc26-australia-jogador-19-a-confirmar-19;Jogador 19 — a confirmar;Austrália;19;Atacante;comum;a-confirmar;assets/images/stickers/selecoes-2026/wc26-australia/wc26-australia-jogador-19-a-confirmar-19.webp
wc26-australia-jogador-20-a-confirmar-20;Jogador 20 — a confirmar;Austrália;20;Atacante;comum;a-confirmar;assets/images/stickers/selecoes-2026/wc26-australia/wc26-australia-jogador-20-a-confirmar-20.webp
wc26-australia-jogador-21-a-confirmar-21;Jogador 21 — a confirmar;Austrália;21;Atacante;comum;a-confirmar;assets/images/stickers/selecoes-2026/wc26-australia/wc26-australia-jogador-21-a-confirmar-21.webp
wc26-australia-jogador-22-a-confirmar-22;Jogador 22 — a confirmar;Austrália;22;Atacante;comum;a-confirmar;assets/images/stickers/selecoes-2026/wc26-australia/wc26-australia-jogador-22-a-confirmar-22.webp
wc26-australia-jogador-23-a-confirmar-23;Jogador 23 — a confirmar;Austrália;23;Atacante;comum;a-confirmar;assets/images/stickers/selecoes-2026/wc26-australia/wc26-australia-jogador-23-a-confirmar-23.webp
wc26-australia-jogador-24-a-confirmar-24;Jogador 24 — a confirmar;Austrália;24;Atacante;comum;a-confirmar;assets/images/stickers/selecoes-2026/wc26-australia/wc26-australia-jogador-24-a-confirmar-24.webp
wc26-australia-jogador-25-a-confirmar-25;Jogador 25 — a confirmar;Austrália;25;Atacante;comum;a-confirmar;assets/images/stickers/selecoes-2026/wc26-australia/wc26-australia-jogador-25-a-confirmar-25.webp
wc26-australia-jogador-26-a-confirmar-26;Jogador 26 — a confirmar;Austrália;26;Atacante;comum;a-confirmar;assets/images/stickers/selecoes-2026/wc26-australia/wc26-australia-jogador-26-a-confirmar-26.webp
wc26-uzbequistao-jogador-01-a-confirmar-01;Jogador 01 — a confirmar;Uzbequistão;1;Goleiro;comum;a-confirmar;assets/images/stickers/selecoes-2026/wc26-uzbequistao/wc26-uzbequistao-jogador-01-a-confirmar-01.webp
wc26-uzbequistao-jogador-02-a-confirmar-02;Jogador 02 — a confirmar;Uzbequistão;2;Goleiro;comum;a-confirmar;assets/images/stickers/selecoes-2026/wc26-uzbequistao/wc26-uzbequistao-jogador-02-a-confirmar-02.webp
wc26-uzbequistao-jogador-03-a-confirmar-03;Jogador 03 — a confirmar;Uzbequistão;3;Goleiro;comum;a-confirmar;assets/images/stickers/selecoes-2026/wc26-uzbequistao/wc26-uzbequistao-jogador-03-a-confirmar-03.webp
wc26-uzbequistao-jogador-04-a-confirmar-04;Jogador 04 — a confirmar;Uzbequistão;4;Defensor;comum;a-confirmar;assets/images/stickers/selecoes-2026/wc26-uzbequistao/wc26-uzbequistao-jogador-04-a-confirmar-04.webp
wc26-uzbequistao-jogador-05-a-confirmar-05;Jogador 05 — a confirmar;Uzbequistão;5;Defensor;comum;a-confirmar;assets/images/stickers/selecoes-2026/wc26-uzbequistao/wc26-uzbequistao-jogador-05-a-confirmar-05.webp
wc26-uzbequistao-jogador-06-a-confirmar-06;Jogador 06 — a confirmar;Uzbequistão;6;Defensor;comum;a-confirmar;assets/images/stickers/selecoes-2026/wc26-uzbequistao/wc26-uzbequistao-jogador-06-a-confirmar-06.webp
wc26-uzbequistao-jogador-07-a-confirmar-07;Jogador 07 — a confirmar;Uzbequistão;7;Defensor;comum;a-confirmar;assets/images/stickers/selecoes-2026/wc26-uzbequistao/wc26-uzbequistao-jogador-07-a-confirmar-07.webp
wc26-uzbequistao-jogador-08-a-confirmar-08;Jogador 08 — a confirmar;Uzbequistão;8;Defensor;comum;a-confirmar;assets/images/stickers/selecoes-2026/wc26-uzbequistao/wc26-uzbequistao-jogador-08-a-confirmar-08.webp
wc26-uzbequistao-jogador-09-a-confirmar-09;Jogador 09 — a confirmar;Uzbequistão;9;Defensor;comum;a-confirmar;assets/images/stickers/selecoes-2026/wc26-uzbequistao/wc26-uzbequistao-jogador-09-a-confirmar-09.webp
wc26-uzbequistao-jogador-10-a-confirmar-10;Jogador 10 — a confirmar;Uzbequistão;10;Defensor;comum;a-confirmar;assets/images/stickers/selecoes-2026/wc26-uzbequistao/wc26-uzbequistao-jogador-10-a-confirmar-10.webp
wc26-uzbequistao-jogador-11-a-confirmar-11;Jogador 11 — a confirmar;Uzbequistão;11;Meia;comum;a-confirmar;assets/images/stickers/selecoes-2026/wc26-uzbequistao/wc26-uzbequistao-jogador-11-a-confirmar-11.webp
wc26-uzbequistao-jogador-12-a-confirmar-12;Jogador 12 — a confirmar;Uzbequistão;12;Meia;comum;a-confirmar;assets/images/stickers/selecoes-2026/wc26-uzbequistao/wc26-uzbequistao-jogador-12-a-confirmar-12.webp
wc26-uzbequistao-jogador-13-a-confirmar-13;Jogador 13 — a confirmar;Uzbequistão;13;Meia;comum;a-confirmar;assets/images/stickers/selecoes-2026/wc26-uzbequistao/wc26-uzbequistao-jogador-13-a-confirmar-13.webp
wc26-uzbequistao-jogador-14-a-confirmar-14;Jogador 14 — a confirmar;Uzbequistão;14;Meia;comum;a-confirmar;assets/images/stickers/selecoes-2026/wc26-uzbequistao/wc26-uzbequistao-jogador-14-a-confirmar-14.webp
wc26-uzbequistao-jogador-15-a-confirmar-15;Jogador 15 — a confirmar;Uzbequistão;15;Meia;comum;a-confirmar;assets/images/stickers/selecoes-2026/wc26-uzbequistao/wc26-uzbequistao-jogador-15-a-confirmar-15.webp
wc26-uzbequistao-jogador-16-a-confirmar-16;Jogador 16 — a confirmar;Uzbequistão;16;Meia;comum;a-confirmar;assets/images/stickers/selecoes-2026/wc26-uzbequistao/wc26-uzbequistao-jogador-16-a-confirmar-16.webp
wc26-uzbequistao-jogador-17-a-confirmar-17;Jogador 17 — a confirmar;Uzbequistão;17;Meia;comum;a-confirmar;assets/images/stickers/selecoes-2026/wc26-uzbequistao/wc26-uzbequistao-jogador-17-a-confirmar-17.webp
wc26-uzbequistao-jogador-18-a-confirmar-18;Jogador 18 — a confirmar;Uzbequistão;18;Meia;comum;a-confirmar;assets/images/stickers/selecoes-2026/wc26-uzbequistao/wc26-uzbequistao-jogador-18-a-confirmar-18.webp
wc26-uzbequistao-jogador-19-a-confirmar-19;Jogador 19 — a confirmar;Uzbequistão;19;Atacante;comum;a-confirmar;assets/images/stickers/selecoes-2026/wc26-uzbequistao/wc26-uzbequistao-jogador-19-a-confirmar-19.webp
wc26-uzbequistao-jogador-20-a-confirmar-20;Jogador 20 — a confirmar;Uzbequistão;20;Atacante;comum;a-confirmar;assets/images/stickers/selecoes-2026/wc26-uzbequistao/wc26-uzbequistao-jogador-20-a-confirmar-20.webp
wc26-uzbequistao-jogador-21-a-confirmar-21;Jogador 21 — a confirmar;Uzbequistão;21;Atacante;comum;a-confirmar;assets/images/stickers/selecoes-2026/wc26-uzbequistao/wc26-uzbequistao-jogador-21-a-confirmar-21.webp
wc26-uzbequistao-jogador-22-a-confirmar-22;Jogador 22 — a confirmar;Uzbequistão;22;Atacante;comum;a-confirmar;assets/images/stickers/selecoes-2026/wc26-uzbequistao/wc26-uzbequistao-jogador-22-a-confirmar-22.webp
wc26-uzbequistao-jogador-23-a-confirmar-23;Jogador 23 — a confirmar;Uzbequistão;23;Atacante;comum;a-confirmar;assets/images/stickers/selecoes-2026/wc26-uzbequistao/wc26-uzbequistao-jogador-23-a-confirmar-23.webp
wc26-uzbequistao-jogador-24-a-confirmar-24;Jogador 24 — a confirmar;Uzbequistão;24;Atacante;comum;a-confirmar;assets/images/stickers/selecoes-2026/wc26-uzbequistao/wc26-uzbequistao-jogador-24-a-confirmar-24.webp
wc26-uzbequistao-jogador-25-a-confirmar-25;Jogador 25 — a confirmar;Uzbequistão;25;Atacante;comum;a-confirmar;assets/images/stickers/selecoes-2026/wc26-uzbequistao/wc26-uzbequistao-jogador-25-a-confirmar-25.webp
wc26-uzbequistao-jogador-26-a-confirmar-26;Jogador 26 — a confirmar;Uzbequistão;26;Atacante;comum;a-confirmar;assets/images/stickers/selecoes-2026/wc26-uzbequistao/wc26-uzbequistao-jogador-26-a-confirmar-26.webp
wc26-jordania-jogador-01-a-confirmar-01;Jogador 01 — a confirmar;Jordânia;1;Goleiro;comum;a-confirmar;assets/images/stickers/selecoes-2026/wc26-jordania/wc26-jordania-jogador-01-a-confirmar-01.webp
wc26-jordania-jogador-02-a-confirmar-02;Jogador 02 — a confirmar;Jordânia;2;Goleiro;comum;a-confirmar;assets/images/stickers/selecoes-2026/wc26-jordania/wc26-jordania-jogador-02-a-confirmar-02.webp
wc26-jordania-jogador-03-a-confirmar-03;Jogador 03 — a confirmar;Jordânia;3;Goleiro;comum;a-confirmar;assets/images/stickers/selecoes-2026/wc26-jordania/wc26-jordania-jogador-03-a-confirmar-03.webp
wc26-jordania-jogador-04-a-confirmar-04;Jogador 04 — a confirmar;Jordânia;4;Defensor;comum;a-confirmar;assets/images/stickers/selecoes-2026/wc26-jordania/wc26-jordania-jogador-04-a-confirmar-04.webp
wc26-jordania-jogador-05-a-confirmar-05;Jogador 05 — a confirmar;Jordânia;5;Defensor;comum;a-confirmar;assets/images/stickers/selecoes-2026/wc26-jordania/wc26-jordania-jogador-05-a-confirmar-05.webp
wc26-jordania-jogador-06-a-confirmar-06;Jogador 06 — a confirmar;Jordânia;6;Defensor;comum;a-confirmar;assets/images/stickers/selecoes-2026/wc26-jordania/wc26-jordania-jogador-06-a-confirmar-06.webp
wc26-jordania-jogador-07-a-confirmar-07;Jogador 07 — a confirmar;Jordânia;7;Defensor;comum;a-confirmar;assets/images/stickers/selecoes-2026/wc26-jordania/wc26-jordania-jogador-07-a-confirmar-07.webp
wc26-jordania-jogador-08-a-confirmar-08;Jogador 08 — a confirmar;Jordânia;8;Defensor;comum;a-confirmar;assets/images/stickers/selecoes-2026/wc26-jordania/wc26-jordania-jogador-08-a-confirmar-08.webp
wc26-jordania-jogador-09-a-confirmar-09;Jogador 09 — a confirmar;Jordânia;9;Defensor;comum;a-confirmar;assets/images/stickers/selecoes-2026/wc26-jordania/wc26-jordania-jogador-09-a-confirmar-09.webp
wc26-jordania-jogador-10-a-confirmar-10;Jogador 10 — a confirmar;Jordânia;10;Defensor;comum;a-confirmar;assets/images/stickers/selecoes-2026/wc26-jordania/wc26-jordania-jogador-10-a-confirmar-10.webp
wc26-jordania-jogador-11-a-confirmar-11;Jogador 11 — a confirmar;Jordânia;11;Meia;comum;a-confirmar;assets/images/stickers/selecoes-2026/wc26-jordania/wc26-jordania-jogador-11-a-confirmar-11.webp
wc26-jordania-jogador-12-a-confirmar-12;Jogador 12 — a confirmar;Jordânia;12;Meia;comum;a-confirmar;assets/images/stickers/selecoes-2026/wc26-jordania/wc26-jordania-jogador-12-a-confirmar-12.webp
wc26-jordania-jogador-13-a-confirmar-13;Jogador 13 — a confirmar;Jordânia;13;Meia;comum;a-confirmar;assets/images/stickers/selecoes-2026/wc26-jordania/wc26-jordania-jogador-13-a-confirmar-13.webp
wc26-jordania-jogador-14-a-confirmar-14;Jogador 14 — a confirmar;Jordânia;14;Meia;comum;a-confirmar;assets/images/stickers/selecoes-2026/wc26-jordania/wc26-jordania-jogador-14-a-confirmar-14.webp
wc26-jordania-jogador-15-a-confirmar-15;Jogador 15 — a confirmar;Jordânia;15;Meia;comum;a-confirmar;assets/images/stickers/selecoes-2026/wc26-jordania/wc26-jordania-jogador-15-a-confirmar-15.webp
wc26-jordania-jogador-16-a-confirmar-16;Jogador 16 — a confirmar;Jordânia;16;Meia;comum;a-confirmar;assets/images/stickers/selecoes-2026/wc26-jordania/wc26-jordania-jogador-16-a-confirmar-16.webp
wc26-jordania-jogador-17-a-confirmar-17;Jogador 17 — a confirmar;Jordânia;17;Meia;comum;a-confirmar;assets/images/stickers/selecoes-2026/wc26-jordania/wc26-jordania-jogador-17-a-confirmar-17.webp
wc26-jordania-jogador-18-a-confirmar-18;Jogador 18 — a confirmar;Jordânia;18;Meia;comum;a-confirmar;assets/images/stickers/selecoes-2026/wc26-jordania/wc26-jordania-jogador-18-a-confirmar-18.webp
wc26-jordania-jogador-19-a-confirmar-19;Jogador 19 — a confirmar;Jordânia;19;Atacante;comum;a-confirmar;assets/images/stickers/selecoes-2026/wc26-jordania/wc26-jordania-jogador-19-a-confirmar-19.webp
wc26-jordania-jogador-20-a-confirmar-20;Jogador 20 — a confirmar;Jordânia;20;Atacante;comum;a-confirmar;assets/images/stickers/selecoes-2026/wc26-jordania/wc26-jordania-jogador-20-a-confirmar-20.webp
wc26-jordania-jogador-21-a-confirmar-21;Jogador 21 — a confirmar;Jordânia;21;Atacante;comum;a-confirmar;assets/images/stickers/selecoes-2026/wc26-jordania/wc26-jordania-jogador-21-a-confirmar-21.webp
wc26-jordania-jogador-22-a-confirmar-22;Jogador 22 — a confirmar;Jordânia;22;Atacante;comum;a-confirmar;assets/images/stickers/selecoes-2026/wc26-jordania/wc26-jordania-jogador-22-a-confirmar-22.webp
wc26-jordania-jogador-23-a-confirmar-23;Jogador 23 — a confirmar;Jordânia;23;Atacante;comum;a-confirmar;assets/images/stickers/selecoes-2026/wc26-jordania/wc26-jordania-jogador-23-a-confirmar-23.webp
wc26-jordania-jogador-24-a-confirmar-24;Jogador 24 — a confirmar;Jordânia;24;Atacante;comum;a-confirmar;assets/images/stickers/selecoes-2026/wc26-jordania/wc26-jordania-jogador-24-a-confirmar-24.webp
wc26-jordania-jogador-25-a-confirmar-25;Jogador 25 — a confirmar;Jordânia;25;Atacante;comum;a-confirmar;assets/images/stickers/selecoes-2026/wc26-jordania/wc26-jordania-jogador-25-a-confirmar-25.webp
wc26-jordania-jogador-26-a-confirmar-26;Jogador 26 — a confirmar;Jordânia;26;Atacante;comum;a-confirmar;assets/images/stickers/selecoes-2026/wc26-jordania/wc26-jordania-jogador-26-a-confirmar-26.webp
wc26-qatar-jogador-01-a-confirmar-01;Jogador 01 — a confirmar;Qatar;1;Goleiro;comum;a-confirmar;assets/images/stickers/selecoes-2026/wc26-qatar/wc26-qatar-jogador-01-a-confirmar-01.webp
wc26-qatar-jogador-02-a-confirmar-02;Jogador 02 — a confirmar;Qatar;2;Goleiro;comum;a-confirmar;assets/images/stickers/selecoes-2026/wc26-qatar/wc26-qatar-jogador-02-a-confirmar-02.webp
wc26-qatar-jogador-03-a-confirmar-03;Jogador 03 — a confirmar;Qatar;3;Goleiro;comum;a-confirmar;assets/images/stickers/selecoes-2026/wc26-qatar/wc26-qatar-jogador-03-a-confirmar-03.webp
wc26-qatar-jogador-04-a-confirmar-04;Jogador 04 — a confirmar;Qatar;4;Defensor;comum;a-confirmar;assets/images/stickers/selecoes-2026/wc26-qatar/wc26-qatar-jogador-04-a-confirmar-04.webp
wc26-qatar-jogador-05-a-confirmar-05;Jogador 05 — a confirmar;Qatar;5;Defensor;comum;a-confirmar;assets/images/stickers/selecoes-2026/wc26-qatar/wc26-qatar-jogador-05-a-confirmar-05.webp
wc26-qatar-jogador-06-a-confirmar-06;Jogador 06 — a confirmar;Qatar;6;Defensor;comum;a-confirmar;assets/images/stickers/selecoes-2026/wc26-qatar/wc26-qatar-jogador-06-a-confirmar-06.webp
wc26-qatar-jogador-07-a-confirmar-07;Jogador 07 — a confirmar;Qatar;7;Defensor;comum;a-confirmar;assets/images/stickers/selecoes-2026/wc26-qatar/wc26-qatar-jogador-07-a-confirmar-07.webp
wc26-qatar-jogador-08-a-confirmar-08;Jogador 08 — a confirmar;Qatar;8;Defensor;comum;a-confirmar;assets/images/stickers/selecoes-2026/wc26-qatar/wc26-qatar-jogador-08-a-confirmar-08.webp
wc26-qatar-jogador-09-a-confirmar-09;Jogador 09 — a confirmar;Qatar;9;Defensor;comum;a-confirmar;assets/images/stickers/selecoes-2026/wc26-qatar/wc26-qatar-jogador-09-a-confirmar-09.webp
wc26-qatar-jogador-10-a-confirmar-10;Jogador 10 — a confirmar;Qatar;10;Defensor;comum;a-confirmar;assets/images/stickers/selecoes-2026/wc26-qatar/wc26-qatar-jogador-10-a-confirmar-10.webp
wc26-qatar-jogador-11-a-confirmar-11;Jogador 11 — a confirmar;Qatar;11;Meia;comum;a-confirmar;assets/images/stickers/selecoes-2026/wc26-qatar/wc26-qatar-jogador-11-a-confirmar-11.webp
wc26-qatar-jogador-12-a-confirmar-12;Jogador 12 — a confirmar;Qatar;12;Meia;comum;a-confirmar;assets/images/stickers/selecoes-2026/wc26-qatar/wc26-qatar-jogador-12-a-confirmar-12.webp
wc26-qatar-jogador-13-a-confirmar-13;Jogador 13 — a confirmar;Qatar;13;Meia;comum;a-confirmar;assets/images/stickers/selecoes-2026/wc26-qatar/wc26-qatar-jogador-13-a-confirmar-13.webp
wc26-qatar-jogador-14-a-confirmar-14;Jogador 14 — a confirmar;Qatar;14;Meia;comum;a-confirmar;assets/images/stickers/selecoes-2026/wc26-qatar/wc26-qatar-jogador-14-a-confirmar-14.webp
wc26-qatar-jogador-15-a-confirmar-15;Jogador 15 — a confirmar;Qatar;15;Meia;comum;a-confirmar;assets/images/stickers/selecoes-2026/wc26-qatar/wc26-qatar-jogador-15-a-confirmar-15.webp
wc26-qatar-jogador-16-a-confirmar-16;Jogador 16 — a confirmar;Qatar;16;Meia;comum;a-confirmar;assets/images/stickers/selecoes-2026/wc26-qatar/wc26-qatar-jogador-16-a-confirmar-16.webp
wc26-qatar-jogador-17-a-confirmar-17;Jogador 17 — a confirmar;Qatar;17;Meia;comum;a-confirmar;assets/images/stickers/selecoes-2026/wc26-qatar/wc26-qatar-jogador-17-a-confirmar-17.webp
wc26-qatar-jogador-18-a-confirmar-18;Jogador 18 — a confirmar;Qatar;18;Meia;comum;a-confirmar;assets/images/stickers/selecoes-2026/wc26-qatar/wc26-qatar-jogador-18-a-confirmar-18.webp
wc26-qatar-jogador-19-a-confirmar-19;Jogador 19 — a confirmar;Qatar;19;Atacante;comum;a-confirmar;assets/images/stickers/selecoes-2026/wc26-qatar/wc26-qatar-jogador-19-a-confirmar-19.webp
wc26-qatar-jogador-20-a-confirmar-20;Jogador 20 — a confirmar;Qatar;20;Atacante;comum;a-confirmar;assets/images/stickers/selecoes-2026/wc26-qatar/wc26-qatar-jogador-20-a-confirmar-20.webp
wc26-qatar-jogador-21-a-confirmar-21;Jogador 21 — a confirmar;Qatar;21;Atacante;comum;a-confirmar;assets/images/stickers/selecoes-2026/wc26-qatar/wc26-qatar-jogador-21-a-confirmar-21.webp
wc26-qatar-jogador-22-a-confirmar-22;Jogador 22 — a confirmar;Qatar;22;Atacante;comum;a-confirmar;assets/images/stickers/selecoes-2026/wc26-qatar/wc26-qatar-jogador-22-a-confirmar-22.webp
wc26-qatar-jogador-23-a-confirmar-23;Jogador 23 — a confirmar;Qatar;23;Atacante;comum;a-confirmar;assets/images/stickers/selecoes-2026/wc26-qatar/wc26-qatar-jogador-23-a-confirmar-23.webp
wc26-qatar-jogador-24-a-confirmar-24;Jogador 24 — a confirmar;Qatar;24;Atacante;comum;a-confirmar;assets/images/stickers/selecoes-2026/wc26-qatar/wc26-qatar-jogador-24-a-confirmar-24.webp
wc26-qatar-jogador-25-a-confirmar-25;Jogador 25 — a confirmar;Qatar;25;Atacante;comum;a-confirmar;assets/images/stickers/selecoes-2026/wc26-qatar/wc26-qatar-jogador-25-a-confirmar-25.webp
wc26-qatar-jogador-26-a-confirmar-26;Jogador 26 — a confirmar;Qatar;26;Atacante;comum;a-confirmar;assets/images/stickers/selecoes-2026/wc26-qatar/wc26-qatar-jogador-26-a-confirmar-26.webp
wc26-arabia-saudita-jogador-01-a-confirmar-01;Jogador 01 — a confirmar;Arábia Saudita;1;Goleiro;comum;a-confirmar;assets/images/stickers/selecoes-2026/wc26-arabia-saudita/wc26-arabia-saudita-jogador-01-a-confirmar-01.webp
wc26-arabia-saudita-jogador-02-a-confirmar-02;Jogador 02 — a confirmar;Arábia Saudita;2;Goleiro;comum;a-confirmar;assets/images/stickers/selecoes-2026/wc26-arabia-saudita/wc26-arabia-saudita-jogador-02-a-confirmar-02.webp
wc26-arabia-saudita-jogador-03-a-confirmar-03;Jogador 03 — a confirmar;Arábia Saudita;3;Goleiro;comum;a-confirmar;assets/images/stickers/selecoes-2026/wc26-arabia-saudita/wc26-arabia-saudita-jogador-03-a-confirmar-03.webp
wc26-arabia-saudita-jogador-04-a-confirmar-04;Jogador 04 — a confirmar;Arábia Saudita;4;Defensor;comum;a-confirmar;assets/images/stickers/selecoes-2026/wc26-arabia-saudita/wc26-arabia-saudita-jogador-04-a-confirmar-04.webp
wc26-arabia-saudita-jogador-05-a-confirmar-05;Jogador 05 — a confirmar;Arábia Saudita;5;Defensor;comum;a-confirmar;assets/images/stickers/selecoes-2026/wc26-arabia-saudita/wc26-arabia-saudita-jogador-05-a-confirmar-05.webp
wc26-arabia-saudita-jogador-06-a-confirmar-06;Jogador 06 — a confirmar;Arábia Saudita;6;Defensor;comum;a-confirmar;assets/images/stickers/selecoes-2026/wc26-arabia-saudita/wc26-arabia-saudita-jogador-06-a-confirmar-06.webp
wc26-arabia-saudita-jogador-07-a-confirmar-07;Jogador 07 — a confirmar;Arábia Saudita;7;Defensor;comum;a-confirmar;assets/images/stickers/selecoes-2026/wc26-arabia-saudita/wc26-arabia-saudita-jogador-07-a-confirmar-07.webp
wc26-arabia-saudita-jogador-08-a-confirmar-08;Jogador 08 — a confirmar;Arábia Saudita;8;Defensor;comum;a-confirmar;assets/images/stickers/selecoes-2026/wc26-arabia-saudita/wc26-arabia-saudita-jogador-08-a-confirmar-08.webp
wc26-arabia-saudita-jogador-09-a-confirmar-09;Jogador 09 — a confirmar;Arábia Saudita;9;Defensor;comum;a-confirmar;assets/images/stickers/selecoes-2026/wc26-arabia-saudita/wc26-arabia-saudita-jogador-09-a-confirmar-09.webp
wc26-arabia-saudita-jogador-10-a-confirmar-10;Jogador 10 — a confirmar;Arábia Saudita;10;Defensor;comum;a-confirmar;assets/images/stickers/selecoes-2026/wc26-arabia-saudita/wc26-arabia-saudita-jogador-10-a-confirmar-10.webp
wc26-arabia-saudita-jogador-11-a-confirmar-11;Jogador 11 — a confirmar;Arábia Saudita;11;Meia;comum;a-confirmar;assets/images/stickers/selecoes-2026/wc26-arabia-saudita/wc26-arabia-saudita-jogador-11-a-confirmar-11.webp
wc26-arabia-saudita-jogador-12-a-confirmar-12;Jogador 12 — a confirmar;Arábia Saudita;12;Meia;comum;a-confirmar;assets/images/stickers/selecoes-2026/wc26-arabia-saudita/wc26-arabia-saudita-jogador-12-a-confirmar-12.webp
wc26-arabia-saudita-jogador-13-a-confirmar-13;Jogador 13 — a confirmar;Arábia Saudita;13;Meia;comum;a-confirmar;assets/images/stickers/selecoes-2026/wc26-arabia-saudita/wc26-arabia-saudita-jogador-13-a-confirmar-13.webp
wc26-arabia-saudita-jogador-14-a-confirmar-14;Jogador 14 — a confirmar;Arábia Saudita;14;Meia;comum;a-confirmar;assets/images/stickers/selecoes-2026/wc26-arabia-saudita/wc26-arabia-saudita-jogador-14-a-confirmar-14.webp
wc26-arabia-saudita-jogador-15-a-confirmar-15;Jogador 15 — a confirmar;Arábia Saudita;15;Meia;comum;a-confirmar;assets/images/stickers/selecoes-2026/wc26-arabia-saudita/wc26-arabia-saudita-jogador-15-a-confirmar-15.webp
wc26-arabia-saudita-jogador-16-a-confirmar-16;Jogador 16 — a confirmar;Arábia Saudita;16;Meia;comum;a-confirmar;assets/images/stickers/selecoes-2026/wc26-arabia-saudita/wc26-arabia-saudita-jogador-16-a-confirmar-16.webp
wc26-arabia-saudita-jogador-17-a-confirmar-17;Jogador 17 — a confirmar;Arábia Saudita;17;Meia;comum;a-confirmar;assets/images/stickers/selecoes-2026/wc26-arabia-saudita/wc26-arabia-saudita-jogador-17-a-confirmar-17.webp
wc26-arabia-saudita-jogador-18-a-confirmar-18;Jogador 18 — a confirmar;Arábia Saudita;18;Meia;comum;a-confirmar;assets/images/stickers/selecoes-2026/wc26-arabia-saudita/wc26-arabia-saudita-jogador-18-a-confirmar-18.webp
wc26-arabia-saudita-jogador-19-a-confirmar-19;Jogador 19 — a confirmar;Arábia Saudita;19;Atacante;comum;a-confirmar;assets/images/stickers/selecoes-2026/wc26-arabia-saudita/wc26-arabia-saudita-jogador-19-a-confirmar-19.webp
wc26-arabia-saudita-jogador-20-a-confirmar-20;Jogador 20 — a confirmar;Arábia Saudita;20;Atacante;comum;a-confirmar;assets/images/stickers/selecoes-2026/wc26-arabia-saudita/wc26-arabia-saudita-jogador-20-a-confirmar-20.webp
wc26-arabia-saudita-jogador-21-a-confirmar-21;Jogador 21 — a confirmar;Arábia Saudita;21;Atacante;comum;a-confirmar;assets/images/stickers/selecoes-2026/wc26-arabia-saudita/wc26-arabia-saudita-jogador-21-a-confirmar-21.webp
wc26-arabia-saudita-jogador-22-a-confirmar-22;Jogador 22 — a confirmar;Arábia Saudita;22;Atacante;comum;a-confirmar;assets/images/stickers/selecoes-2026/wc26-arabia-saudita/wc26-arabia-saudita-jogador-22-a-confirmar-22.webp
wc26-arabia-saudita-jogador-23-a-confirmar-23;Jogador 23 — a confirmar;Arábia Saudita;23;Atacante;comum;a-confirmar;assets/images/stickers/selecoes-2026/wc26-arabia-saudita/wc26-arabia-saudita-jogador-23-a-confirmar-23.webp
wc26-arabia-saudita-jogador-24-a-confirmar-24;Jogador 24 — a confirmar;Arábia Saudita;24;Atacante;comum;a-confirmar;assets/images/stickers/selecoes-2026/wc26-arabia-saudita/wc26-arabia-saudita-jogador-24-a-confirmar-24.webp
wc26-arabia-saudita-jogador-25-a-confirmar-25;Jogador 25 — a confirmar;Arábia Saudita;25;Atacante;comum;a-confirmar;assets/images/stickers/selecoes-2026/wc26-arabia-saudita/wc26-arabia-saudita-jogador-25-a-confirmar-25.webp
wc26-arabia-saudita-jogador-26-a-confirmar-26;Jogador 26 — a confirmar;Arábia Saudita;26;Atacante;comum;a-confirmar;assets/images/stickers/selecoes-2026/wc26-arabia-saudita/wc26-arabia-saudita-jogador-26-a-confirmar-26.webp
wc26-iraque-jogador-01-a-confirmar-01;Jogador 01 — a confirmar;Iraque;1;Goleiro;comum;a-confirmar;assets/images/stickers/selecoes-2026/wc26-iraque/wc26-iraque-jogador-01-a-confirmar-01.webp
wc26-iraque-jogador-02-a-confirmar-02;Jogador 02 — a confirmar;Iraque;2;Goleiro;comum;a-confirmar;assets/images/stickers/selecoes-2026/wc26-iraque/wc26-iraque-jogador-02-a-confirmar-02.webp
wc26-iraque-jogador-03-a-confirmar-03;Jogador 03 — a confirmar;Iraque;3;Goleiro;comum;a-confirmar;assets/images/stickers/selecoes-2026/wc26-iraque/wc26-iraque-jogador-03-a-confirmar-03.webp
wc26-iraque-jogador-04-a-confirmar-04;Jogador 04 — a confirmar;Iraque;4;Defensor;comum;a-confirmar;assets/images/stickers/selecoes-2026/wc26-iraque/wc26-iraque-jogador-04-a-confirmar-04.webp
wc26-iraque-jogador-05-a-confirmar-05;Jogador 05 — a confirmar;Iraque;5;Defensor;comum;a-confirmar;assets/images/stickers/selecoes-2026/wc26-iraque/wc26-iraque-jogador-05-a-confirmar-05.webp
wc26-iraque-jogador-06-a-confirmar-06;Jogador 06 — a confirmar;Iraque;6;Defensor;comum;a-confirmar;assets/images/stickers/selecoes-2026/wc26-iraque/wc26-iraque-jogador-06-a-confirmar-06.webp
wc26-iraque-jogador-07-a-confirmar-07;Jogador 07 — a confirmar;Iraque;7;Defensor;comum;a-confirmar;assets/images/stickers/selecoes-2026/wc26-iraque/wc26-iraque-jogador-07-a-confirmar-07.webp
wc26-iraque-jogador-08-a-confirmar-08;Jogador 08 — a confirmar;Iraque;8;Defensor;comum;a-confirmar;assets/images/stickers/selecoes-2026/wc26-iraque/wc26-iraque-jogador-08-a-confirmar-08.webp
wc26-iraque-jogador-09-a-confirmar-09;Jogador 09 — a confirmar;Iraque;9;Defensor;comum;a-confirmar;assets/images/stickers/selecoes-2026/wc26-iraque/wc26-iraque-jogador-09-a-confirmar-09.webp
wc26-iraque-jogador-10-a-confirmar-10;Jogador 10 — a confirmar;Iraque;10;Defensor;comum;a-confirmar;assets/images/stickers/selecoes-2026/wc26-iraque/wc26-iraque-jogador-10-a-confirmar-10.webp
wc26-iraque-jogador-11-a-confirmar-11;Jogador 11 — a confirmar;Iraque;11;Meia;comum;a-confirmar;assets/images/stickers/selecoes-2026/wc26-iraque/wc26-iraque-jogador-11-a-confirmar-11.webp
wc26-iraque-jogador-12-a-confirmar-12;Jogador 12 — a confirmar;Iraque;12;Meia;comum;a-confirmar;assets/images/stickers/selecoes-2026/wc26-iraque/wc26-iraque-jogador-12-a-confirmar-12.webp
wc26-iraque-jogador-13-a-confirmar-13;Jogador 13 — a confirmar;Iraque;13;Meia;comum;a-confirmar;assets/images/stickers/selecoes-2026/wc26-iraque/wc26-iraque-jogador-13-a-confirmar-13.webp
wc26-iraque-jogador-14-a-confirmar-14;Jogador 14 — a confirmar;Iraque;14;Meia;comum;a-confirmar;assets/images/stickers/selecoes-2026/wc26-iraque/wc26-iraque-jogador-14-a-confirmar-14.webp
wc26-iraque-jogador-15-a-confirmar-15;Jogador 15 — a confirmar;Iraque;15;Meia;comum;a-confirmar;assets/images/stickers/selecoes-2026/wc26-iraque/wc26-iraque-jogador-15-a-confirmar-15.webp
wc26-iraque-jogador-16-a-confirmar-16;Jogador 16 — a confirmar;Iraque;16;Meia;comum;a-confirmar;assets/images/stickers/selecoes-2026/wc26-iraque/wc26-iraque-jogador-16-a-confirmar-16.webp
wc26-iraque-jogador-17-a-confirmar-17;Jogador 17 — a confirmar;Iraque;17;Meia;comum;a-confirmar;assets/images/stickers/selecoes-2026/wc26-iraque/wc26-iraque-jogador-17-a-confirmar-17.webp
wc26-iraque-jogador-18-a-confirmar-18;Jogador 18 — a confirmar;Iraque;18;Meia;comum;a-confirmar;assets/images/stickers/selecoes-2026/wc26-iraque/wc26-iraque-jogador-18-a-confirmar-18.webp
wc26-iraque-jogador-19-a-confirmar-19;Jogador 19 — a confirmar;Iraque;19;Atacante;comum;a-confirmar;assets/images/stickers/selecoes-2026/wc26-iraque/wc26-iraque-jogador-19-a-confirmar-19.webp
wc26-iraque-jogador-20-a-confirmar-20;Jogador 20 — a confirmar;Iraque;20;Atacante;comum;a-confirmar;assets/images/stickers/selecoes-2026/wc26-iraque/wc26-iraque-jogador-20-a-confirmar-20.webp
wc26-iraque-jogador-21-a-confirmar-21;Jogador 21 — a confirmar;Iraque;21;Atacante;comum;a-confirmar;assets/images/stickers/selecoes-2026/wc26-iraque/wc26-iraque-jogador-21-a-confirmar-21.webp
wc26-iraque-jogador-22-a-confirmar-22;Jogador 22 — a confirmar;Iraque;22;Atacante;comum;a-confirmar;assets/images/stickers/selecoes-2026/wc26-iraque/wc26-iraque-jogador-22-a-confirmar-22.webp
wc26-iraque-jogador-23-a-confirmar-23;Jogador 23 — a confirmar;Iraque;23;Atacante;comum;a-confirmar;assets/images/stickers/selecoes-2026/wc26-iraque/wc26-iraque-jogador-23-a-confirmar-23.webp
wc26-iraque-jogador-24-a-confirmar-24;Jogador 24 — a confirmar;Iraque;24;Atacante;comum;a-confirmar;assets/images/stickers/selecoes-2026/wc26-iraque/wc26-iraque-jogador-24-a-confirmar-24.webp
wc26-iraque-jogador-25-a-confirmar-25;Jogador 25 — a confirmar;Iraque;25;Atacante;comum;a-confirmar;assets/images/stickers/selecoes-2026/wc26-iraque/wc26-iraque-jogador-25-a-confirmar-25.webp
wc26-iraque-jogador-26-a-confirmar-26;Jogador 26 — a confirmar;Iraque;26;Atacante;comum;a-confirmar;assets/images/stickers/selecoes-2026/wc26-iraque/wc26-iraque-jogador-26-a-confirmar-26.webp
wc26-nova-zelandia-jogador-01-a-confirmar-01;Jogador 01 — a confirmar;Nova Zelândia;1;Goleiro;comum;a-confirmar;assets/images/stickers/selecoes-2026/wc26-nova-zelandia/wc26-nova-zelandia-jogador-01-a-confirmar-01.webp
wc26-nova-zelandia-jogador-02-a-confirmar-02;Jogador 02 — a confirmar;Nova Zelândia;2;Goleiro;comum;a-confirmar;assets/images/stickers/selecoes-2026/wc26-nova-zelandia/wc26-nova-zelandia-jogador-02-a-confirmar-02.webp
wc26-nova-zelandia-jogador-03-a-confirmar-03;Jogador 03 — a confirmar;Nova Zelândia;3;Goleiro;comum;a-confirmar;assets/images/stickers/selecoes-2026/wc26-nova-zelandia/wc26-nova-zelandia-jogador-03-a-confirmar-03.webp
wc26-nova-zelandia-jogador-04-a-confirmar-04;Jogador 04 — a confirmar;Nova Zelândia;4;Defensor;comum;a-confirmar;assets/images/stickers/selecoes-2026/wc26-nova-zelandia/wc26-nova-zelandia-jogador-04-a-confirmar-04.webp
wc26-nova-zelandia-jogador-05-a-confirmar-05;Jogador 05 — a confirmar;Nova Zelândia;5;Defensor;comum;a-confirmar;assets/images/stickers/selecoes-2026/wc26-nova-zelandia/wc26-nova-zelandia-jogador-05-a-confirmar-05.webp
wc26-nova-zelandia-jogador-06-a-confirmar-06;Jogador 06 — a confirmar;Nova Zelândia;6;Defensor;comum;a-confirmar;assets/images/stickers/selecoes-2026/wc26-nova-zelandia/wc26-nova-zelandia-jogador-06-a-confirmar-06.webp
wc26-nova-zelandia-jogador-07-a-confirmar-07;Jogador 07 — a confirmar;Nova Zelândia;7;Defensor;comum;a-confirmar;assets/images/stickers/selecoes-2026/wc26-nova-zelandia/wc26-nova-zelandia-jogador-07-a-confirmar-07.webp
wc26-nova-zelandia-jogador-08-a-confirmar-08;Jogador 08 — a confirmar;Nova Zelândia;8;Defensor;comum;a-confirmar;assets/images/stickers/selecoes-2026/wc26-nova-zelandia/wc26-nova-zelandia-jogador-08-a-confirmar-08.webp
wc26-nova-zelandia-jogador-09-a-confirmar-09;Jogador 09 — a confirmar;Nova Zelândia;9;Defensor;comum;a-confirmar;assets/images/stickers/selecoes-2026/wc26-nova-zelandia/wc26-nova-zelandia-jogador-09-a-confirmar-09.webp
wc26-nova-zelandia-jogador-10-a-confirmar-10;Jogador 10 — a confirmar;Nova Zelândia;10;Defensor;comum;a-confirmar;assets/images/stickers/selecoes-2026/wc26-nova-zelandia/wc26-nova-zelandia-jogador-10-a-confirmar-10.webp
wc26-nova-zelandia-jogador-11-a-confirmar-11;Jogador 11 — a confirmar;Nova Zelândia;11;Meia;comum;a-confirmar;assets/images/stickers/selecoes-2026/wc26-nova-zelandia/wc26-nova-zelandia-jogador-11-a-confirmar-11.webp
wc26-nova-zelandia-jogador-12-a-confirmar-12;Jogador 12 — a confirmar;Nova Zelândia;12;Meia;comum;a-confirmar;assets/images/stickers/selecoes-2026/wc26-nova-zelandia/wc26-nova-zelandia-jogador-12-a-confirmar-12.webp
wc26-nova-zelandia-jogador-13-a-confirmar-13;Jogador 13 — a confirmar;Nova Zelândia;13;Meia;comum;a-confirmar;assets/images/stickers/selecoes-2026/wc26-nova-zelandia/wc26-nova-zelandia-jogador-13-a-confirmar-13.webp
wc26-nova-zelandia-jogador-14-a-confirmar-14;Jogador 14 — a confirmar;Nova Zelândia;14;Meia;comum;a-confirmar;assets/images/stickers/selecoes-2026/wc26-nova-zelandia/wc26-nova-zelandia-jogador-14-a-confirmar-14.webp
wc26-nova-zelandia-jogador-15-a-confirmar-15;Jogador 15 — a confirmar;Nova Zelândia;15;Meia;comum;a-confirmar;assets/images/stickers/selecoes-2026/wc26-nova-zelandia/wc26-nova-zelandia-jogador-15-a-confirmar-15.webp
wc26-nova-zelandia-jogador-16-a-confirmar-16;Jogador 16 — a confirmar;Nova Zelândia;16;Meia;comum;a-confirmar;assets/images/stickers/selecoes-2026/wc26-nova-zelandia/wc26-nova-zelandia-jogador-16-a-confirmar-16.webp
wc26-nova-zelandia-jogador-17-a-confirmar-17;Jogador 17 — a confirmar;Nova Zelândia;17;Meia;comum;a-confirmar;assets/images/stickers/selecoes-2026/wc26-nova-zelandia/wc26-nova-zelandia-jogador-17-a-confirmar-17.webp
wc26-nova-zelandia-jogador-18-a-confirmar-18;Jogador 18 — a confirmar;Nova Zelândia;18;Meia;comum;a-confirmar;assets/images/stickers/selecoes-2026/wc26-nova-zelandia/wc26-nova-zelandia-jogador-18-a-confirmar-18.webp
wc26-nova-zelandia-jogador-19-a-confirmar-19;Jogador 19 — a confirmar;Nova Zelândia;19;Atacante;comum;a-confirmar;assets/images/stickers/selecoes-2026/wc26-nova-zelandia/wc26-nova-zelandia-jogador-19-a-confirmar-19.webp
wc26-nova-zelandia-jogador-20-a-confirmar-20;Jogador 20 — a confirmar;Nova Zelândia;20;Atacante;comum;a-confirmar;assets/images/stickers/selecoes-2026/wc26-nova-zelandia/wc26-nova-zelandia-jogador-20-a-confirmar-20.webp
wc26-nova-zelandia-jogador-21-a-confirmar-21;Jogador 21 — a confirmar;Nova Zelândia;21;Atacante;comum;a-confirmar;assets/images/stickers/selecoes-2026/wc26-nova-zelandia/wc26-nova-zelandia-jogador-21-a-confirmar-21.webp
wc26-nova-zelandia-jogador-22-a-confirmar-22;Jogador 22 — a confirmar;Nova Zelândia;22;Atacante;comum;a-confirmar;assets/images/stickers/selecoes-2026/wc26-nova-zelandia/wc26-nova-zelandia-jogador-22-a-confirmar-22.webp
wc26-nova-zelandia-jogador-23-a-confirmar-23;Jogador 23 — a confirmar;Nova Zelândia;23;Atacante;comum;a-confirmar;assets/images/stickers/selecoes-2026/wc26-nova-zelandia/wc26-nova-zelandia-jogador-23-a-confirmar-23.webp
wc26-nova-zelandia-jogador-24-a-confirmar-24;Jogador 24 — a confirmar;Nova Zelândia;24;Atacante;comum;a-confirmar;assets/images/stickers/selecoes-2026/wc26-nova-zelandia/wc26-nova-zelandia-jogador-24-a-confirmar-24.webp
wc26-nova-zelandia-jogador-25-a-confirmar-25;Jogador 25 — a confirmar;Nova Zelândia;25;Atacante;comum;a-confirmar;assets/images/stickers/selecoes-2026/wc26-nova-zelandia/wc26-nova-zelandia-jogador-25-a-confirmar-25.webp
wc26-nova-zelandia-jogador-26-a-confirmar-26;Jogador 26 — a confirmar;Nova Zelândia;26;Atacante;comum;a-confirmar;assets/images/stickers/selecoes-2026/wc26-nova-zelandia/wc26-nova-zelandia-jogador-26-a-confirmar-26.webp
wc26-marrocos-hakimi-01;Hakimi;Marrocos;2;Lateral;ouro;parcial;assets/images/stickers/selecoes-2026/wc26-marrocos/wc26-marrocos-hakimi-01.webp
wc26-marrocos-ziyech-02;Ziyech;Marrocos;7;Meia;rara;parcial;assets/images/stickers/selecoes-2026/wc26-marrocos/wc26-marrocos-ziyech-02.webp
wc26-marrocos-amrabat-03;Amrabat;Marrocos;4;Volante;rara;parcial;assets/images/stickers/selecoes-2026/wc26-marrocos/wc26-marrocos-amrabat-03.webp
wc26-marrocos-bounou-04;Bounou;Marrocos;1;Goleiro;rara;parcial;assets/images/stickers/selecoes-2026/wc26-marrocos/wc26-marrocos-bounou-04.webp
wc26-marrocos-jogador-05-a-confirmar-05;Jogador 05 — a confirmar;Marrocos;5;Defensor;comum;a-confirmar;assets/images/stickers/selecoes-2026/wc26-marrocos/wc26-marrocos-jogador-05-a-confirmar-05.webp
wc26-marrocos-jogador-06-a-confirmar-06;Jogador 06 — a confirmar;Marrocos;6;Defensor;comum;a-confirmar;assets/images/stickers/selecoes-2026/wc26-marrocos/wc26-marrocos-jogador-06-a-confirmar-06.webp
wc26-marrocos-jogador-07-a-confirmar-07;Jogador 07 — a confirmar;Marrocos;7;Defensor;comum;a-confirmar;assets/images/stickers/selecoes-2026/wc26-marrocos/wc26-marrocos-jogador-07-a-confirmar-07.webp
wc26-marrocos-jogador-08-a-confirmar-08;Jogador 08 — a confirmar;Marrocos;8;Defensor;comum;a-confirmar;assets/images/stickers/selecoes-2026/wc26-marrocos/wc26-marrocos-jogador-08-a-confirmar-08.webp
wc26-marrocos-jogador-09-a-confirmar-09;Jogador 09 — a confirmar;Marrocos;9;Defensor;comum;a-confirmar;assets/images/stickers/selecoes-2026/wc26-marrocos/wc26-marrocos-jogador-09-a-confirmar-09.webp
wc26-marrocos-jogador-10-a-confirmar-10;Jogador 10 — a confirmar;Marrocos;10;Defensor;comum;a-confirmar;assets/images/stickers/selecoes-2026/wc26-marrocos/wc26-marrocos-jogador-10-a-confirmar-10.webp
wc26-marrocos-jogador-11-a-confirmar-11;Jogador 11 — a confirmar;Marrocos;11;Meia;comum;a-confirmar;assets/images/stickers/selecoes-2026/wc26-marrocos/wc26-marrocos-jogador-11-a-confirmar-11.webp
wc26-marrocos-jogador-12-a-confirmar-12;Jogador 12 — a confirmar;Marrocos;12;Meia;comum;a-confirmar;assets/images/stickers/selecoes-2026/wc26-marrocos/wc26-marrocos-jogador-12-a-confirmar-12.webp
wc26-marrocos-jogador-13-a-confirmar-13;Jogador 13 — a confirmar;Marrocos;13;Meia;comum;a-confirmar;assets/images/stickers/selecoes-2026/wc26-marrocos/wc26-marrocos-jogador-13-a-confirmar-13.webp
wc26-marrocos-jogador-14-a-confirmar-14;Jogador 14 — a confirmar;Marrocos;14;Meia;comum;a-confirmar;assets/images/stickers/selecoes-2026/wc26-marrocos/wc26-marrocos-jogador-14-a-confirmar-14.webp
wc26-marrocos-jogador-15-a-confirmar-15;Jogador 15 — a confirmar;Marrocos;15;Meia;comum;a-confirmar;assets/images/stickers/selecoes-2026/wc26-marrocos/wc26-marrocos-jogador-15-a-confirmar-15.webp
wc26-marrocos-jogador-16-a-confirmar-16;Jogador 16 — a confirmar;Marrocos;16;Meia;comum;a-confirmar;assets/images/stickers/selecoes-2026/wc26-marrocos/wc26-marrocos-jogador-16-a-confirmar-16.webp
wc26-marrocos-jogador-17-a-confirmar-17;Jogador 17 — a confirmar;Marrocos;17;Meia;comum;a-confirmar;assets/images/stickers/selecoes-2026/wc26-marrocos/wc26-marrocos-jogador-17-a-confirmar-17.webp
wc26-marrocos-jogador-18-a-confirmar-18;Jogador 18 — a confirmar;Marrocos;18;Meia;comum;a-confirmar;assets/images/stickers/selecoes-2026/wc26-marrocos/wc26-marrocos-jogador-18-a-confirmar-18.webp
wc26-marrocos-jogador-19-a-confirmar-19;Jogador 19 — a confirmar;Marrocos;19;Atacante;comum;a-confirmar;assets/images/stickers/selecoes-2026/wc26-marrocos/wc26-marrocos-jogador-19-a-confirmar-19.webp
wc26-marrocos-jogador-20-a-confirmar-20;Jogador 20 — a confirmar;Marrocos;20;Atacante;comum;a-confirmar;assets/images/stickers/selecoes-2026/wc26-marrocos/wc26-marrocos-jogador-20-a-confirmar-20.webp
wc26-marrocos-jogador-21-a-confirmar-21;Jogador 21 — a confirmar;Marrocos;21;Atacante;comum;a-confirmar;assets/images/stickers/selecoes-2026/wc26-marrocos/wc26-marrocos-jogador-21-a-confirmar-21.webp
wc26-marrocos-jogador-22-a-confirmar-22;Jogador 22 — a confirmar;Marrocos;22;Atacante;comum;a-confirmar;assets/images/stickers/selecoes-2026/wc26-marrocos/wc26-marrocos-jogador-22-a-confirmar-22.webp
wc26-marrocos-jogador-23-a-confirmar-23;Jogador 23 — a confirmar;Marrocos;23;Atacante;comum;a-confirmar;assets/images/stickers/selecoes-2026/wc26-marrocos/wc26-marrocos-jogador-23-a-confirmar-23.webp
wc26-marrocos-jogador-24-a-confirmar-24;Jogador 24 — a confirmar;Marrocos;24;Atacante;comum;a-confirmar;assets/images/stickers/selecoes-2026/wc26-marrocos/wc26-marrocos-jogador-24-a-confirmar-24.webp
wc26-marrocos-jogador-25-a-confirmar-25;Jogador 25 — a confirmar;Marrocos;25;Atacante;comum;a-confirmar;assets/images/stickers/selecoes-2026/wc26-marrocos/wc26-marrocos-jogador-25-a-confirmar-25.webp
wc26-marrocos-jogador-26-a-confirmar-26;Jogador 26 — a confirmar;Marrocos;26;Atacante;comum;a-confirmar;assets/images/stickers/selecoes-2026/wc26-marrocos/wc26-marrocos-jogador-26-a-confirmar-26.webp
wc26-argelia-jogador-01-a-confirmar-01;Jogador 01 — a confirmar;Argélia;1;Goleiro;comum;a-confirmar;assets/images/stickers/selecoes-2026/wc26-argelia/wc26-argelia-jogador-01-a-confirmar-01.webp
wc26-argelia-jogador-02-a-confirmar-02;Jogador 02 — a confirmar;Argélia;2;Goleiro;comum;a-confirmar;assets/images/stickers/selecoes-2026/wc26-argelia/wc26-argelia-jogador-02-a-confirmar-02.webp
wc26-argelia-jogador-03-a-confirmar-03;Jogador 03 — a confirmar;Argélia;3;Goleiro;comum;a-confirmar;assets/images/stickers/selecoes-2026/wc26-argelia/wc26-argelia-jogador-03-a-confirmar-03.webp
wc26-argelia-jogador-04-a-confirmar-04;Jogador 04 — a confirmar;Argélia;4;Defensor;comum;a-confirmar;assets/images/stickers/selecoes-2026/wc26-argelia/wc26-argelia-jogador-04-a-confirmar-04.webp
wc26-argelia-jogador-05-a-confirmar-05;Jogador 05 — a confirmar;Argélia;5;Defensor;comum;a-confirmar;assets/images/stickers/selecoes-2026/wc26-argelia/wc26-argelia-jogador-05-a-confirmar-05.webp
wc26-argelia-jogador-06-a-confirmar-06;Jogador 06 — a confirmar;Argélia;6;Defensor;comum;a-confirmar;assets/images/stickers/selecoes-2026/wc26-argelia/wc26-argelia-jogador-06-a-confirmar-06.webp
wc26-argelia-jogador-07-a-confirmar-07;Jogador 07 — a confirmar;Argélia;7;Defensor;comum;a-confirmar;assets/images/stickers/selecoes-2026/wc26-argelia/wc26-argelia-jogador-07-a-confirmar-07.webp
wc26-argelia-jogador-08-a-confirmar-08;Jogador 08 — a confirmar;Argélia;8;Defensor;comum;a-confirmar;assets/images/stickers/selecoes-2026/wc26-argelia/wc26-argelia-jogador-08-a-confirmar-08.webp
wc26-argelia-jogador-09-a-confirmar-09;Jogador 09 — a confirmar;Argélia;9;Defensor;comum;a-confirmar;assets/images/stickers/selecoes-2026/wc26-argelia/wc26-argelia-jogador-09-a-confirmar-09.webp
wc26-argelia-jogador-10-a-confirmar-10;Jogador 10 — a confirmar;Argélia;10;Defensor;comum;a-confirmar;assets/images/stickers/selecoes-2026/wc26-argelia/wc26-argelia-jogador-10-a-confirmar-10.webp
wc26-argelia-jogador-11-a-confirmar-11;Jogador 11 — a confirmar;Argélia;11;Meia;comum;a-confirmar;assets/images/stickers/selecoes-2026/wc26-argelia/wc26-argelia-jogador-11-a-confirmar-11.webp
wc26-argelia-jogador-12-a-confirmar-12;Jogador 12 — a confirmar;Argélia;12;Meia;comum;a-confirmar;assets/images/stickers/selecoes-2026/wc26-argelia/wc26-argelia-jogador-12-a-confirmar-12.webp
wc26-argelia-jogador-13-a-confirmar-13;Jogador 13 — a confirmar;Argélia;13;Meia;comum;a-confirmar;assets/images/stickers/selecoes-2026/wc26-argelia/wc26-argelia-jogador-13-a-confirmar-13.webp
wc26-argelia-jogador-14-a-confirmar-14;Jogador 14 — a confirmar;Argélia;14;Meia;comum;a-confirmar;assets/images/stickers/selecoes-2026/wc26-argelia/wc26-argelia-jogador-14-a-confirmar-14.webp
wc26-argelia-jogador-15-a-confirmar-15;Jogador 15 — a confirmar;Argélia;15;Meia;comum;a-confirmar;assets/images/stickers/selecoes-2026/wc26-argelia/wc26-argelia-jogador-15-a-confirmar-15.webp
wc26-argelia-jogador-16-a-confirmar-16;Jogador 16 — a confirmar;Argélia;16;Meia;comum;a-confirmar;assets/images/stickers/selecoes-2026/wc26-argelia/wc26-argelia-jogador-16-a-confirmar-16.webp
wc26-argelia-jogador-17-a-confirmar-17;Jogador 17 — a confirmar;Argélia;17;Meia;comum;a-confirmar;assets/images/stickers/selecoes-2026/wc26-argelia/wc26-argelia-jogador-17-a-confirmar-17.webp
wc26-argelia-jogador-18-a-confirmar-18;Jogador 18 — a confirmar;Argélia;18;Meia;comum;a-confirmar;assets/images/stickers/selecoes-2026/wc26-argelia/wc26-argelia-jogador-18-a-confirmar-18.webp
wc26-argelia-jogador-19-a-confirmar-19;Jogador 19 — a confirmar;Argélia;19;Atacante;comum;a-confirmar;assets/images/stickers/selecoes-2026/wc26-argelia/wc26-argelia-jogador-19-a-confirmar-19.webp
wc26-argelia-jogador-20-a-confirmar-20;Jogador 20 — a confirmar;Argélia;20;Atacante;comum;a-confirmar;assets/images/stickers/selecoes-2026/wc26-argelia/wc26-argelia-jogador-20-a-confirmar-20.webp
wc26-argelia-jogador-21-a-confirmar-21;Jogador 21 — a confirmar;Argélia;21;Atacante;comum;a-confirmar;assets/images/stickers/selecoes-2026/wc26-argelia/wc26-argelia-jogador-21-a-confirmar-21.webp
wc26-argelia-jogador-22-a-confirmar-22;Jogador 22 — a confirmar;Argélia;22;Atacante;comum;a-confirmar;assets/images/stickers/selecoes-2026/wc26-argelia/wc26-argelia-jogador-22-a-confirmar-22.webp
wc26-argelia-jogador-23-a-confirmar-23;Jogador 23 — a confirmar;Argélia;23;Atacante;comum;a-confirmar;assets/images/stickers/selecoes-2026/wc26-argelia/wc26-argelia-jogador-23-a-confirmar-23.webp
wc26-argelia-jogador-24-a-confirmar-24;Jogador 24 — a confirmar;Argélia;24;Atacante;comum;a-confirmar;assets/images/stickers/selecoes-2026/wc26-argelia/wc26-argelia-jogador-24-a-confirmar-24.webp
wc26-argelia-jogador-25-a-confirmar-25;Jogador 25 — a confirmar;Argélia;25;Atacante;comum;a-confirmar;assets/images/stickers/selecoes-2026/wc26-argelia/wc26-argelia-jogador-25-a-confirmar-25.webp
wc26-argelia-jogador-26-a-confirmar-26;Jogador 26 — a confirmar;Argélia;26;Atacante;comum;a-confirmar;assets/images/stickers/selecoes-2026/wc26-argelia/wc26-argelia-jogador-26-a-confirmar-26.webp
wc26-egito-salah-01;Salah;Egito;10;Atacante;lendaria;parcial;assets/images/stickers/selecoes-2026/wc26-egito/wc26-egito-salah-01.webp
wc26-egito-marmoush-02;Marmoush;Egito;9;Atacante;ouro;parcial;assets/images/stickers/selecoes-2026/wc26-egito/wc26-egito-marmoush-02.webp
wc26-egito-jogador-03-a-confirmar-03;Jogador 03 — a confirmar;Egito;3;Goleiro;comum;a-confirmar;assets/images/stickers/selecoes-2026/wc26-egito/wc26-egito-jogador-03-a-confirmar-03.webp
wc26-egito-jogador-04-a-confirmar-04;Jogador 04 — a confirmar;Egito;4;Defensor;comum;a-confirmar;assets/images/stickers/selecoes-2026/wc26-egito/wc26-egito-jogador-04-a-confirmar-04.webp
wc26-egito-jogador-05-a-confirmar-05;Jogador 05 — a confirmar;Egito;5;Defensor;comum;a-confirmar;assets/images/stickers/selecoes-2026/wc26-egito/wc26-egito-jogador-05-a-confirmar-05.webp
wc26-egito-jogador-06-a-confirmar-06;Jogador 06 — a confirmar;Egito;6;Defensor;comum;a-confirmar;assets/images/stickers/selecoes-2026/wc26-egito/wc26-egito-jogador-06-a-confirmar-06.webp
wc26-egito-jogador-07-a-confirmar-07;Jogador 07 — a confirmar;Egito;7;Defensor;comum;a-confirmar;assets/images/stickers/selecoes-2026/wc26-egito/wc26-egito-jogador-07-a-confirmar-07.webp
wc26-egito-jogador-08-a-confirmar-08;Jogador 08 — a confirmar;Egito;8;Defensor;comum;a-confirmar;assets/images/stickers/selecoes-2026/wc26-egito/wc26-egito-jogador-08-a-confirmar-08.webp
wc26-egito-jogador-09-a-confirmar-09;Jogador 09 — a confirmar;Egito;9;Defensor;comum;a-confirmar;assets/images/stickers/selecoes-2026/wc26-egito/wc26-egito-jogador-09-a-confirmar-09.webp
wc26-egito-jogador-10-a-confirmar-10;Jogador 10 — a confirmar;Egito;10;Defensor;comum;a-confirmar;assets/images/stickers/selecoes-2026/wc26-egito/wc26-egito-jogador-10-a-confirmar-10.webp
wc26-egito-jogador-11-a-confirmar-11;Jogador 11 — a confirmar;Egito;11;Meia;comum;a-confirmar;assets/images/stickers/selecoes-2026/wc26-egito/wc26-egito-jogador-11-a-confirmar-11.webp
wc26-egito-jogador-12-a-confirmar-12;Jogador 12 — a confirmar;Egito;12;Meia;comum;a-confirmar;assets/images/stickers/selecoes-2026/wc26-egito/wc26-egito-jogador-12-a-confirmar-12.webp
wc26-egito-jogador-13-a-confirmar-13;Jogador 13 — a confirmar;Egito;13;Meia;comum;a-confirmar;assets/images/stickers/selecoes-2026/wc26-egito/wc26-egito-jogador-13-a-confirmar-13.webp
wc26-egito-jogador-14-a-confirmar-14;Jogador 14 — a confirmar;Egito;14;Meia;comum;a-confirmar;assets/images/stickers/selecoes-2026/wc26-egito/wc26-egito-jogador-14-a-confirmar-14.webp
wc26-egito-jogador-15-a-confirmar-15;Jogador 15 — a confirmar;Egito;15;Meia;comum;a-confirmar;assets/images/stickers/selecoes-2026/wc26-egito/wc26-egito-jogador-15-a-confirmar-15.webp
wc26-egito-jogador-16-a-confirmar-16;Jogador 16 — a confirmar;Egito;16;Meia;comum;a-confirmar;assets/images/stickers/selecoes-2026/wc26-egito/wc26-egito-jogador-16-a-confirmar-16.webp
wc26-egito-jogador-17-a-confirmar-17;Jogador 17 — a confirmar;Egito;17;Meia;comum;a-confirmar;assets/images/stickers/selecoes-2026/wc26-egito/wc26-egito-jogador-17-a-confirmar-17.webp
wc26-egito-jogador-18-a-confirmar-18;Jogador 18 — a confirmar;Egito;18;Meia;comum;a-confirmar;assets/images/stickers/selecoes-2026/wc26-egito/wc26-egito-jogador-18-a-confirmar-18.webp
wc26-egito-jogador-19-a-confirmar-19;Jogador 19 — a confirmar;Egito;19;Atacante;comum;a-confirmar;assets/images/stickers/selecoes-2026/wc26-egito/wc26-egito-jogador-19-a-confirmar-19.webp
wc26-egito-jogador-20-a-confirmar-20;Jogador 20 — a confirmar;Egito;20;Atacante;comum;a-confirmar;assets/images/stickers/selecoes-2026/wc26-egito/wc26-egito-jogador-20-a-confirmar-20.webp
wc26-egito-jogador-21-a-confirmar-21;Jogador 21 — a confirmar;Egito;21;Atacante;comum;a-confirmar;assets/images/stickers/selecoes-2026/wc26-egito/wc26-egito-jogador-21-a-confirmar-21.webp
wc26-egito-jogador-22-a-confirmar-22;Jogador 22 — a confirmar;Egito;22;Atacante;comum;a-confirmar;assets/images/stickers/selecoes-2026/wc26-egito/wc26-egito-jogador-22-a-confirmar-22.webp
wc26-egito-jogador-23-a-confirmar-23;Jogador 23 — a confirmar;Egito;23;Atacante;comum;a-confirmar;assets/images/stickers/selecoes-2026/wc26-egito/wc26-egito-jogador-23-a-confirmar-23.webp
wc26-egito-jogador-24-a-confirmar-24;Jogador 24 — a confirmar;Egito;24;Atacante;comum;a-confirmar;assets/images/stickers/selecoes-2026/wc26-egito/wc26-egito-jogador-24-a-confirmar-24.webp
wc26-egito-jogador-25-a-confirmar-25;Jogador 25 — a confirmar;Egito;25;Atacante;comum;a-confirmar;assets/images/stickers/selecoes-2026/wc26-egito/wc26-egito-jogador-25-a-confirmar-25.webp
wc26-egito-jogador-26-a-confirmar-26;Jogador 26 — a confirmar;Egito;26;Atacante;comum;a-confirmar;assets/images/stickers/selecoes-2026/wc26-egito/wc26-egito-jogador-26-a-confirmar-26.webp
wc26-senegal-mane-01;Mané;Senegal;10;Atacante;ouro;parcial;assets/images/stickers/selecoes-2026/wc26-senegal/wc26-senegal-mane-01.webp
wc26-senegal-koulibaly-02;Koulibaly;Senegal;3;Zagueiro;rara;parcial;assets/images/stickers/selecoes-2026/wc26-senegal/wc26-senegal-koulibaly-02.webp
wc26-senegal-edouard-mendy-03;Édouard Mendy;Senegal;16;Goleiro;rara;parcial;assets/images/stickers/selecoes-2026/wc26-senegal/wc26-senegal-edouard-mendy-03.webp
wc26-senegal-jogador-04-a-confirmar-04;Jogador 04 — a confirmar;Senegal;4;Defensor;comum;a-confirmar;assets/images/stickers/selecoes-2026/wc26-senegal/wc26-senegal-jogador-04-a-confirmar-04.webp
wc26-senegal-jogador-05-a-confirmar-05;Jogador 05 — a confirmar;Senegal;5;Defensor;comum;a-confirmar;assets/images/stickers/selecoes-2026/wc26-senegal/wc26-senegal-jogador-05-a-confirmar-05.webp
wc26-senegal-jogador-06-a-confirmar-06;Jogador 06 — a confirmar;Senegal;6;Defensor;comum;a-confirmar;assets/images/stickers/selecoes-2026/wc26-senegal/wc26-senegal-jogador-06-a-confirmar-06.webp
wc26-senegal-jogador-07-a-confirmar-07;Jogador 07 — a confirmar;Senegal;7;Defensor;comum;a-confirmar;assets/images/stickers/selecoes-2026/wc26-senegal/wc26-senegal-jogador-07-a-confirmar-07.webp
wc26-senegal-jogador-08-a-confirmar-08;Jogador 08 — a confirmar;Senegal;8;Defensor;comum;a-confirmar;assets/images/stickers/selecoes-2026/wc26-senegal/wc26-senegal-jogador-08-a-confirmar-08.webp
wc26-senegal-jogador-09-a-confirmar-09;Jogador 09 — a confirmar;Senegal;9;Defensor;comum;a-confirmar;assets/images/stickers/selecoes-2026/wc26-senegal/wc26-senegal-jogador-09-a-confirmar-09.webp
wc26-senegal-jogador-10-a-confirmar-10;Jogador 10 — a confirmar;Senegal;10;Defensor;comum;a-confirmar;assets/images/stickers/selecoes-2026/wc26-senegal/wc26-senegal-jogador-10-a-confirmar-10.webp
wc26-senegal-jogador-11-a-confirmar-11;Jogador 11 — a confirmar;Senegal;11;Meia;comum;a-confirmar;assets/images/stickers/selecoes-2026/wc26-senegal/wc26-senegal-jogador-11-a-confirmar-11.webp
wc26-senegal-jogador-12-a-confirmar-12;Jogador 12 — a confirmar;Senegal;12;Meia;comum;a-confirmar;assets/images/stickers/selecoes-2026/wc26-senegal/wc26-senegal-jogador-12-a-confirmar-12.webp
wc26-senegal-jogador-13-a-confirmar-13;Jogador 13 — a confirmar;Senegal;13;Meia;comum;a-confirmar;assets/images/stickers/selecoes-2026/wc26-senegal/wc26-senegal-jogador-13-a-confirmar-13.webp
wc26-senegal-jogador-14-a-confirmar-14;Jogador 14 — a confirmar;Senegal;14;Meia;comum;a-confirmar;assets/images/stickers/selecoes-2026/wc26-senegal/wc26-senegal-jogador-14-a-confirmar-14.webp
wc26-senegal-jogador-15-a-confirmar-15;Jogador 15 — a confirmar;Senegal;15;Meia;comum;a-confirmar;assets/images/stickers/selecoes-2026/wc26-senegal/wc26-senegal-jogador-15-a-confirmar-15.webp
wc26-senegal-jogador-16-a-confirmar-16;Jogador 16 — a confirmar;Senegal;16;Meia;comum;a-confirmar;assets/images/stickers/selecoes-2026/wc26-senegal/wc26-senegal-jogador-16-a-confirmar-16.webp
wc26-senegal-jogador-17-a-confirmar-17;Jogador 17 — a confirmar;Senegal;17;Meia;comum;a-confirmar;assets/images/stickers/selecoes-2026/wc26-senegal/wc26-senegal-jogador-17-a-confirmar-17.webp
wc26-senegal-jogador-18-a-confirmar-18;Jogador 18 — a confirmar;Senegal;18;Meia;comum;a-confirmar;assets/images/stickers/selecoes-2026/wc26-senegal/wc26-senegal-jogador-18-a-confirmar-18.webp
wc26-senegal-jogador-19-a-confirmar-19;Jogador 19 — a confirmar;Senegal;19;Atacante;comum;a-confirmar;assets/images/stickers/selecoes-2026/wc26-senegal/wc26-senegal-jogador-19-a-confirmar-19.webp
wc26-senegal-jogador-20-a-confirmar-20;Jogador 20 — a confirmar;Senegal;20;Atacante;comum;a-confirmar;assets/images/stickers/selecoes-2026/wc26-senegal/wc26-senegal-jogador-20-a-confirmar-20.webp
wc26-senegal-jogador-21-a-confirmar-21;Jogador 21 — a confirmar;Senegal;21;Atacante;comum;a-confirmar;assets/images/stickers/selecoes-2026/wc26-senegal/wc26-senegal-jogador-21-a-confirmar-21.webp
wc26-senegal-jogador-22-a-confirmar-22;Jogador 22 — a confirmar;Senegal;22;Atacante;comum;a-confirmar;assets/images/stickers/selecoes-2026/wc26-senegal/wc26-senegal-jogador-22-a-confirmar-22.webp
wc26-senegal-jogador-23-a-confirmar-23;Jogador 23 — a confirmar;Senegal;23;Atacante;comum;a-confirmar;assets/images/stickers/selecoes-2026/wc26-senegal/wc26-senegal-jogador-23-a-confirmar-23.webp
wc26-senegal-jogador-24-a-confirmar-24;Jogador 24 — a confirmar;Senegal;24;Atacante;comum;a-confirmar;assets/images/stickers/selecoes-2026/wc26-senegal/wc26-senegal-jogador-24-a-confirmar-24.webp
wc26-senegal-jogador-25-a-confirmar-25;Jogador 25 — a confirmar;Senegal;25;Atacante;comum;a-confirmar;assets/images/stickers/selecoes-2026/wc26-senegal/wc26-senegal-jogador-25-a-confirmar-25.webp
wc26-senegal-jogador-26-a-confirmar-26;Jogador 26 — a confirmar;Senegal;26;Atacante;comum;a-confirmar;assets/images/stickers/selecoes-2026/wc26-senegal/wc26-senegal-jogador-26-a-confirmar-26.webp
wc26-costa-do-marfim-jogador-01-a-confirmar-01;Jogador 01 — a confirmar;Costa do Marfim;1;Goleiro;comum;a-confirmar;assets/images/stickers/selecoes-2026/wc26-costa-do-marfim/wc26-costa-do-marfim-jogador-01-a-confirmar-01.webp
wc26-costa-do-marfim-jogador-02-a-confirmar-02;Jogador 02 — a confirmar;Costa do Marfim;2;Goleiro;comum;a-confirmar;assets/images/stickers/selecoes-2026/wc26-costa-do-marfim/wc26-costa-do-marfim-jogador-02-a-confirmar-02.webp
wc26-costa-do-marfim-jogador-03-a-confirmar-03;Jogador 03 — a confirmar;Costa do Marfim;3;Goleiro;comum;a-confirmar;assets/images/stickers/selecoes-2026/wc26-costa-do-marfim/wc26-costa-do-marfim-jogador-03-a-confirmar-03.webp
wc26-costa-do-marfim-jogador-04-a-confirmar-04;Jogador 04 — a confirmar;Costa do Marfim;4;Defensor;comum;a-confirmar;assets/images/stickers/selecoes-2026/wc26-costa-do-marfim/wc26-costa-do-marfim-jogador-04-a-confirmar-04.webp
wc26-costa-do-marfim-jogador-05-a-confirmar-05;Jogador 05 — a confirmar;Costa do Marfim;5;Defensor;comum;a-confirmar;assets/images/stickers/selecoes-2026/wc26-costa-do-marfim/wc26-costa-do-marfim-jogador-05-a-confirmar-05.webp
wc26-costa-do-marfim-jogador-06-a-confirmar-06;Jogador 06 — a confirmar;Costa do Marfim;6;Defensor;comum;a-confirmar;assets/images/stickers/selecoes-2026/wc26-costa-do-marfim/wc26-costa-do-marfim-jogador-06-a-confirmar-06.webp
wc26-costa-do-marfim-jogador-07-a-confirmar-07;Jogador 07 — a confirmar;Costa do Marfim;7;Defensor;comum;a-confirmar;assets/images/stickers/selecoes-2026/wc26-costa-do-marfim/wc26-costa-do-marfim-jogador-07-a-confirmar-07.webp
wc26-costa-do-marfim-jogador-08-a-confirmar-08;Jogador 08 — a confirmar;Costa do Marfim;8;Defensor;comum;a-confirmar;assets/images/stickers/selecoes-2026/wc26-costa-do-marfim/wc26-costa-do-marfim-jogador-08-a-confirmar-08.webp
wc26-costa-do-marfim-jogador-09-a-confirmar-09;Jogador 09 — a confirmar;Costa do Marfim;9;Defensor;comum;a-confirmar;assets/images/stickers/selecoes-2026/wc26-costa-do-marfim/wc26-costa-do-marfim-jogador-09-a-confirmar-09.webp
wc26-costa-do-marfim-jogador-10-a-confirmar-10;Jogador 10 — a confirmar;Costa do Marfim;10;Defensor;comum;a-confirmar;assets/images/stickers/selecoes-2026/wc26-costa-do-marfim/wc26-costa-do-marfim-jogador-10-a-confirmar-10.webp
wc26-costa-do-marfim-jogador-11-a-confirmar-11;Jogador 11 — a confirmar;Costa do Marfim;11;Meia;comum;a-confirmar;assets/images/stickers/selecoes-2026/wc26-costa-do-marfim/wc26-costa-do-marfim-jogador-11-a-confirmar-11.webp
wc26-costa-do-marfim-jogador-12-a-confirmar-12;Jogador 12 — a confirmar;Costa do Marfim;12;Meia;comum;a-confirmar;assets/images/stickers/selecoes-2026/wc26-costa-do-marfim/wc26-costa-do-marfim-jogador-12-a-confirmar-12.webp
wc26-costa-do-marfim-jogador-13-a-confirmar-13;Jogador 13 — a confirmar;Costa do Marfim;13;Meia;comum;a-confirmar;assets/images/stickers/selecoes-2026/wc26-costa-do-marfim/wc26-costa-do-marfim-jogador-13-a-confirmar-13.webp
wc26-costa-do-marfim-jogador-14-a-confirmar-14;Jogador 14 — a confirmar;Costa do Marfim;14;Meia;comum;a-confirmar;assets/images/stickers/selecoes-2026/wc26-costa-do-marfim/wc26-costa-do-marfim-jogador-14-a-confirmar-14.webp
wc26-costa-do-marfim-jogador-15-a-confirmar-15;Jogador 15 — a confirmar;Costa do Marfim;15;Meia;comum;a-confirmar;assets/images/stickers/selecoes-2026/wc26-costa-do-marfim/wc26-costa-do-marfim-jogador-15-a-confirmar-15.webp
wc26-costa-do-marfim-jogador-16-a-confirmar-16;Jogador 16 — a confirmar;Costa do Marfim;16;Meia;comum;a-confirmar;assets/images/stickers/selecoes-2026/wc26-costa-do-marfim/wc26-costa-do-marfim-jogador-16-a-confirmar-16.webp
wc26-costa-do-marfim-jogador-17-a-confirmar-17;Jogador 17 — a confirmar;Costa do Marfim;17;Meia;comum;a-confirmar;assets/images/stickers/selecoes-2026/wc26-costa-do-marfim/wc26-costa-do-marfim-jogador-17-a-confirmar-17.webp
wc26-costa-do-marfim-jogador-18-a-confirmar-18;Jogador 18 — a confirmar;Costa do Marfim;18;Meia;comum;a-confirmar;assets/images/stickers/selecoes-2026/wc26-costa-do-marfim/wc26-costa-do-marfim-jogador-18-a-confirmar-18.webp
wc26-costa-do-marfim-jogador-19-a-confirmar-19;Jogador 19 — a confirmar;Costa do Marfim;19;Atacante;comum;a-confirmar;assets/images/stickers/selecoes-2026/wc26-costa-do-marfim/wc26-costa-do-marfim-jogador-19-a-confirmar-19.webp
wc26-costa-do-marfim-jogador-20-a-confirmar-20;Jogador 20 — a confirmar;Costa do Marfim;20;Atacante;comum;a-confirmar;assets/images/stickers/selecoes-2026/wc26-costa-do-marfim/wc26-costa-do-marfim-jogador-20-a-confirmar-20.webp
wc26-costa-do-marfim-jogador-21-a-confirmar-21;Jogador 21 — a confirmar;Costa do Marfim;21;Atacante;comum;a-confirmar;assets/images/stickers/selecoes-2026/wc26-costa-do-marfim/wc26-costa-do-marfim-jogador-21-a-confirmar-21.webp
wc26-costa-do-marfim-jogador-22-a-confirmar-22;Jogador 22 — a confirmar;Costa do Marfim;22;Atacante;comum;a-confirmar;assets/images/stickers/selecoes-2026/wc26-costa-do-marfim/wc26-costa-do-marfim-jogador-22-a-confirmar-22.webp
wc26-costa-do-marfim-jogador-23-a-confirmar-23;Jogador 23 — a confirmar;Costa do Marfim;23;Atacante;comum;a-confirmar;assets/images/stickers/selecoes-2026/wc26-costa-do-marfim/wc26-costa-do-marfim-jogador-23-a-confirmar-23.webp
wc26-costa-do-marfim-jogador-24-a-confirmar-24;Jogador 24 — a confirmar;Costa do Marfim;24;Atacante;comum;a-confirmar;assets/images/stickers/selecoes-2026/wc26-costa-do-marfim/wc26-costa-do-marfim-jogador-24-a-confirmar-24.webp
wc26-costa-do-marfim-jogador-25-a-confirmar-25;Jogador 25 — a confirmar;Costa do Marfim;25;Atacante;comum;a-confirmar;assets/images/stickers/selecoes-2026/wc26-costa-do-marfim/wc26-costa-do-marfim-jogador-25-a-confirmar-25.webp
wc26-costa-do-marfim-jogador-26-a-confirmar-26;Jogador 26 — a confirmar;Costa do Marfim;26;Atacante;comum;a-confirmar;assets/images/stickers/selecoes-2026/wc26-costa-do-marfim/wc26-costa-do-marfim-jogador-26-a-confirmar-26.webp
wc26-africa-do-sul-jogador-01-a-confirmar-01;Jogador 01 — a confirmar;África do Sul;1;Goleiro;comum;a-confirmar;assets/images/stickers/selecoes-2026/wc26-africa-do-sul/wc26-africa-do-sul-jogador-01-a-confirmar-01.webp
wc26-africa-do-sul-jogador-02-a-confirmar-02;Jogador 02 — a confirmar;África do Sul;2;Goleiro;comum;a-confirmar;assets/images/stickers/selecoes-2026/wc26-africa-do-sul/wc26-africa-do-sul-jogador-02-a-confirmar-02.webp
wc26-africa-do-sul-jogador-03-a-confirmar-03;Jogador 03 — a confirmar;África do Sul;3;Goleiro;comum;a-confirmar;assets/images/stickers/selecoes-2026/wc26-africa-do-sul/wc26-africa-do-sul-jogador-03-a-confirmar-03.webp
wc26-africa-do-sul-jogador-04-a-confirmar-04;Jogador 04 — a confirmar;África do Sul;4;Defensor;comum;a-confirmar;assets/images/stickers/selecoes-2026/wc26-africa-do-sul/wc26-africa-do-sul-jogador-04-a-confirmar-04.webp
wc26-africa-do-sul-jogador-05-a-confirmar-05;Jogador 05 — a confirmar;África do Sul;5;Defensor;comum;a-confirmar;assets/images/stickers/selecoes-2026/wc26-africa-do-sul/wc26-africa-do-sul-jogador-05-a-confirmar-05.webp
wc26-africa-do-sul-jogador-06-a-confirmar-06;Jogador 06 — a confirmar;África do Sul;6;Defensor;comum;a-confirmar;assets/images/stickers/selecoes-2026/wc26-africa-do-sul/wc26-africa-do-sul-jogador-06-a-confirmar-06.webp
wc26-africa-do-sul-jogador-07-a-confirmar-07;Jogador 07 — a confirmar;África do Sul;7;Defensor;comum;a-confirmar;assets/images/stickers/selecoes-2026/wc26-africa-do-sul/wc26-africa-do-sul-jogador-07-a-confirmar-07.webp
wc26-africa-do-sul-jogador-08-a-confirmar-08;Jogador 08 — a confirmar;África do Sul;8;Defensor;comum;a-confirmar;assets/images/stickers/selecoes-2026/wc26-africa-do-sul/wc26-africa-do-sul-jogador-08-a-confirmar-08.webp
wc26-africa-do-sul-jogador-09-a-confirmar-09;Jogador 09 — a confirmar;África do Sul;9;Defensor;comum;a-confirmar;assets/images/stickers/selecoes-2026/wc26-africa-do-sul/wc26-africa-do-sul-jogador-09-a-confirmar-09.webp
wc26-africa-do-sul-jogador-10-a-confirmar-10;Jogador 10 — a confirmar;África do Sul;10;Defensor;comum;a-confirmar;assets/images/stickers/selecoes-2026/wc26-africa-do-sul/wc26-africa-do-sul-jogador-10-a-confirmar-10.webp
wc26-africa-do-sul-jogador-11-a-confirmar-11;Jogador 11 — a confirmar;África do Sul;11;Meia;comum;a-confirmar;assets/images/stickers/selecoes-2026/wc26-africa-do-sul/wc26-africa-do-sul-jogador-11-a-confirmar-11.webp
wc26-africa-do-sul-jogador-12-a-confirmar-12;Jogador 12 — a confirmar;África do Sul;12;Meia;comum;a-confirmar;assets/images/stickers/selecoes-2026/wc26-africa-do-sul/wc26-africa-do-sul-jogador-12-a-confirmar-12.webp
wc26-africa-do-sul-jogador-13-a-confirmar-13;Jogador 13 — a confirmar;África do Sul;13;Meia;comum;a-confirmar;assets/images/stickers/selecoes-2026/wc26-africa-do-sul/wc26-africa-do-sul-jogador-13-a-confirmar-13.webp
wc26-africa-do-sul-jogador-14-a-confirmar-14;Jogador 14 — a confirmar;África do Sul;14;Meia;comum;a-confirmar;assets/images/stickers/selecoes-2026/wc26-africa-do-sul/wc26-africa-do-sul-jogador-14-a-confirmar-14.webp
wc26-africa-do-sul-jogador-15-a-confirmar-15;Jogador 15 — a confirmar;África do Sul;15;Meia;comum;a-confirmar;assets/images/stickers/selecoes-2026/wc26-africa-do-sul/wc26-africa-do-sul-jogador-15-a-confirmar-15.webp
wc26-africa-do-sul-jogador-16-a-confirmar-16;Jogador 16 — a confirmar;África do Sul;16;Meia;comum;a-confirmar;assets/images/stickers/selecoes-2026/wc26-africa-do-sul/wc26-africa-do-sul-jogador-16-a-confirmar-16.webp
wc26-africa-do-sul-jogador-17-a-confirmar-17;Jogador 17 — a confirmar;África do Sul;17;Meia;comum;a-confirmar;assets/images/stickers/selecoes-2026/wc26-africa-do-sul/wc26-africa-do-sul-jogador-17-a-confirmar-17.webp
wc26-africa-do-sul-jogador-18-a-confirmar-18;Jogador 18 — a confirmar;África do Sul;18;Meia;comum;a-confirmar;assets/images/stickers/selecoes-2026/wc26-africa-do-sul/wc26-africa-do-sul-jogador-18-a-confirmar-18.webp
wc26-africa-do-sul-jogador-19-a-confirmar-19;Jogador 19 — a confirmar;África do Sul;19;Atacante;comum;a-confirmar;assets/images/stickers/selecoes-2026/wc26-africa-do-sul/wc26-africa-do-sul-jogador-19-a-confirmar-19.webp
wc26-africa-do-sul-jogador-20-a-confirmar-20;Jogador 20 — a confirmar;África do Sul;20;Atacante;comum;a-confirmar;assets/images/stickers/selecoes-2026/wc26-africa-do-sul/wc26-africa-do-sul-jogador-20-a-confirmar-20.webp
wc26-africa-do-sul-jogador-21-a-confirmar-21;Jogador 21 — a confirmar;África do Sul;21;Atacante;comum;a-confirmar;assets/images/stickers/selecoes-2026/wc26-africa-do-sul/wc26-africa-do-sul-jogador-21-a-confirmar-21.webp
wc26-africa-do-sul-jogador-22-a-confirmar-22;Jogador 22 — a confirmar;África do Sul;22;Atacante;comum;a-confirmar;assets/images/stickers/selecoes-2026/wc26-africa-do-sul/wc26-africa-do-sul-jogador-22-a-confirmar-22.webp
wc26-africa-do-sul-jogador-23-a-confirmar-23;Jogador 23 — a confirmar;África do Sul;23;Atacante;comum;a-confirmar;assets/images/stickers/selecoes-2026/wc26-africa-do-sul/wc26-africa-do-sul-jogador-23-a-confirmar-23.webp
wc26-africa-do-sul-jogador-24-a-confirmar-24;Jogador 24 — a confirmar;África do Sul;24;Atacante;comum;a-confirmar;assets/images/stickers/selecoes-2026/wc26-africa-do-sul/wc26-africa-do-sul-jogador-24-a-confirmar-24.webp
wc26-africa-do-sul-jogador-25-a-confirmar-25;Jogador 25 — a confirmar;África do Sul;25;Atacante;comum;a-confirmar;assets/images/stickers/selecoes-2026/wc26-africa-do-sul/wc26-africa-do-sul-jogador-25-a-confirmar-25.webp
wc26-africa-do-sul-jogador-26-a-confirmar-26;Jogador 26 — a confirmar;África do Sul;26;Atacante;comum;a-confirmar;assets/images/stickers/selecoes-2026/wc26-africa-do-sul/wc26-africa-do-sul-jogador-26-a-confirmar-26.webp
wc26-cabo-verde-jogador-01-a-confirmar-01;Jogador 01 — a confirmar;Cabo Verde;1;Goleiro;comum;a-confirmar;assets/images/stickers/selecoes-2026/wc26-cabo-verde/wc26-cabo-verde-jogador-01-a-confirmar-01.webp
wc26-cabo-verde-jogador-02-a-confirmar-02;Jogador 02 — a confirmar;Cabo Verde;2;Goleiro;comum;a-confirmar;assets/images/stickers/selecoes-2026/wc26-cabo-verde/wc26-cabo-verde-jogador-02-a-confirmar-02.webp
wc26-cabo-verde-jogador-03-a-confirmar-03;Jogador 03 — a confirmar;Cabo Verde;3;Goleiro;comum;a-confirmar;assets/images/stickers/selecoes-2026/wc26-cabo-verde/wc26-cabo-verde-jogador-03-a-confirmar-03.webp
wc26-cabo-verde-jogador-04-a-confirmar-04;Jogador 04 — a confirmar;Cabo Verde;4;Defensor;comum;a-confirmar;assets/images/stickers/selecoes-2026/wc26-cabo-verde/wc26-cabo-verde-jogador-04-a-confirmar-04.webp
wc26-cabo-verde-jogador-05-a-confirmar-05;Jogador 05 — a confirmar;Cabo Verde;5;Defensor;comum;a-confirmar;assets/images/stickers/selecoes-2026/wc26-cabo-verde/wc26-cabo-verde-jogador-05-a-confirmar-05.webp
wc26-cabo-verde-jogador-06-a-confirmar-06;Jogador 06 — a confirmar;Cabo Verde;6;Defensor;comum;a-confirmar;assets/images/stickers/selecoes-2026/wc26-cabo-verde/wc26-cabo-verde-jogador-06-a-confirmar-06.webp
wc26-cabo-verde-jogador-07-a-confirmar-07;Jogador 07 — a confirmar;Cabo Verde;7;Defensor;comum;a-confirmar;assets/images/stickers/selecoes-2026/wc26-cabo-verde/wc26-cabo-verde-jogador-07-a-confirmar-07.webp
wc26-cabo-verde-jogador-08-a-confirmar-08;Jogador 08 — a confirmar;Cabo Verde;8;Defensor;comum;a-confirmar;assets/images/stickers/selecoes-2026/wc26-cabo-verde/wc26-cabo-verde-jogador-08-a-confirmar-08.webp
wc26-cabo-verde-jogador-09-a-confirmar-09;Jogador 09 — a confirmar;Cabo Verde;9;Defensor;comum;a-confirmar;assets/images/stickers/selecoes-2026/wc26-cabo-verde/wc26-cabo-verde-jogador-09-a-confirmar-09.webp
wc26-cabo-verde-jogador-10-a-confirmar-10;Jogador 10 — a confirmar;Cabo Verde;10;Defensor;comum;a-confirmar;assets/images/stickers/selecoes-2026/wc26-cabo-verde/wc26-cabo-verde-jogador-10-a-confirmar-10.webp
wc26-cabo-verde-jogador-11-a-confirmar-11;Jogador 11 — a confirmar;Cabo Verde;11;Meia;comum;a-confirmar;assets/images/stickers/selecoes-2026/wc26-cabo-verde/wc26-cabo-verde-jogador-11-a-confirmar-11.webp
wc26-cabo-verde-jogador-12-a-confirmar-12;Jogador 12 — a confirmar;Cabo Verde;12;Meia;comum;a-confirmar;assets/images/stickers/selecoes-2026/wc26-cabo-verde/wc26-cabo-verde-jogador-12-a-confirmar-12.webp
wc26-cabo-verde-jogador-13-a-confirmar-13;Jogador 13 — a confirmar;Cabo Verde;13;Meia;comum;a-confirmar;assets/images/stickers/selecoes-2026/wc26-cabo-verde/wc26-cabo-verde-jogador-13-a-confirmar-13.webp
wc26-cabo-verde-jogador-14-a-confirmar-14;Jogador 14 — a confirmar;Cabo Verde;14;Meia;comum;a-confirmar;assets/images/stickers/selecoes-2026/wc26-cabo-verde/wc26-cabo-verde-jogador-14-a-confirmar-14.webp
wc26-cabo-verde-jogador-15-a-confirmar-15;Jogador 15 — a confirmar;Cabo Verde;15;Meia;comum;a-confirmar;assets/images/stickers/selecoes-2026/wc26-cabo-verde/wc26-cabo-verde-jogador-15-a-confirmar-15.webp
wc26-cabo-verde-jogador-16-a-confirmar-16;Jogador 16 — a confirmar;Cabo Verde;16;Meia;comum;a-confirmar;assets/images/stickers/selecoes-2026/wc26-cabo-verde/wc26-cabo-verde-jogador-16-a-confirmar-16.webp
wc26-cabo-verde-jogador-17-a-confirmar-17;Jogador 17 — a confirmar;Cabo Verde;17;Meia;comum;a-confirmar;assets/images/stickers/selecoes-2026/wc26-cabo-verde/wc26-cabo-verde-jogador-17-a-confirmar-17.webp
wc26-cabo-verde-jogador-18-a-confirmar-18;Jogador 18 — a confirmar;Cabo Verde;18;Meia;comum;a-confirmar;assets/images/stickers/selecoes-2026/wc26-cabo-verde/wc26-cabo-verde-jogador-18-a-confirmar-18.webp
wc26-cabo-verde-jogador-19-a-confirmar-19;Jogador 19 — a confirmar;Cabo Verde;19;Atacante;comum;a-confirmar;assets/images/stickers/selecoes-2026/wc26-cabo-verde/wc26-cabo-verde-jogador-19-a-confirmar-19.webp
wc26-cabo-verde-jogador-20-a-confirmar-20;Jogador 20 — a confirmar;Cabo Verde;20;Atacante;comum;a-confirmar;assets/images/stickers/selecoes-2026/wc26-cabo-verde/wc26-cabo-verde-jogador-20-a-confirmar-20.webp
wc26-cabo-verde-jogador-21-a-confirmar-21;Jogador 21 — a confirmar;Cabo Verde;21;Atacante;comum;a-confirmar;assets/images/stickers/selecoes-2026/wc26-cabo-verde/wc26-cabo-verde-jogador-21-a-confirmar-21.webp
wc26-cabo-verde-jogador-22-a-confirmar-22;Jogador 22 — a confirmar;Cabo Verde;22;Atacante;comum;a-confirmar;assets/images/stickers/selecoes-2026/wc26-cabo-verde/wc26-cabo-verde-jogador-22-a-confirmar-22.webp
wc26-cabo-verde-jogador-23-a-confirmar-23;Jogador 23 — a confirmar;Cabo Verde;23;Atacante;comum;a-confirmar;assets/images/stickers/selecoes-2026/wc26-cabo-verde/wc26-cabo-verde-jogador-23-a-confirmar-23.webp
wc26-cabo-verde-jogador-24-a-confirmar-24;Jogador 24 — a confirmar;Cabo Verde;24;Atacante;comum;a-confirmar;assets/images/stickers/selecoes-2026/wc26-cabo-verde/wc26-cabo-verde-jogador-24-a-confirmar-24.webp
wc26-cabo-verde-jogador-25-a-confirmar-25;Jogador 25 — a confirmar;Cabo Verde;25;Atacante;comum;a-confirmar;assets/images/stickers/selecoes-2026/wc26-cabo-verde/wc26-cabo-verde-jogador-25-a-confirmar-25.webp
wc26-cabo-verde-jogador-26-a-confirmar-26;Jogador 26 — a confirmar;Cabo Verde;26;Atacante;comum;a-confirmar;assets/images/stickers/selecoes-2026/wc26-cabo-verde/wc26-cabo-verde-jogador-26-a-confirmar-26.webp
wc26-gana-jogador-01-a-confirmar-01;Jogador 01 — a confirmar;Gana;1;Goleiro;comum;a-confirmar;assets/images/stickers/selecoes-2026/wc26-gana/wc26-gana-jogador-01-a-confirmar-01.webp
wc26-gana-jogador-02-a-confirmar-02;Jogador 02 — a confirmar;Gana;2;Goleiro;comum;a-confirmar;assets/images/stickers/selecoes-2026/wc26-gana/wc26-gana-jogador-02-a-confirmar-02.webp
wc26-gana-jogador-03-a-confirmar-03;Jogador 03 — a confirmar;Gana;3;Goleiro;comum;a-confirmar;assets/images/stickers/selecoes-2026/wc26-gana/wc26-gana-jogador-03-a-confirmar-03.webp
wc26-gana-jogador-04-a-confirmar-04;Jogador 04 — a confirmar;Gana;4;Defensor;comum;a-confirmar;assets/images/stickers/selecoes-2026/wc26-gana/wc26-gana-jogador-04-a-confirmar-04.webp
wc26-gana-jogador-05-a-confirmar-05;Jogador 05 — a confirmar;Gana;5;Defensor;comum;a-confirmar;assets/images/stickers/selecoes-2026/wc26-gana/wc26-gana-jogador-05-a-confirmar-05.webp
wc26-gana-jogador-06-a-confirmar-06;Jogador 06 — a confirmar;Gana;6;Defensor;comum;a-confirmar;assets/images/stickers/selecoes-2026/wc26-gana/wc26-gana-jogador-06-a-confirmar-06.webp
wc26-gana-jogador-07-a-confirmar-07;Jogador 07 — a confirmar;Gana;7;Defensor;comum;a-confirmar;assets/images/stickers/selecoes-2026/wc26-gana/wc26-gana-jogador-07-a-confirmar-07.webp
wc26-gana-jogador-08-a-confirmar-08;Jogador 08 — a confirmar;Gana;8;Defensor;comum;a-confirmar;assets/images/stickers/selecoes-2026/wc26-gana/wc26-gana-jogador-08-a-confirmar-08.webp
wc26-gana-jogador-09-a-confirmar-09;Jogador 09 — a confirmar;Gana;9;Defensor;comum;a-confirmar;assets/images/stickers/selecoes-2026/wc26-gana/wc26-gana-jogador-09-a-confirmar-09.webp
wc26-gana-jogador-10-a-confirmar-10;Jogador 10 — a confirmar;Gana;10;Defensor;comum;a-confirmar;assets/images/stickers/selecoes-2026/wc26-gana/wc26-gana-jogador-10-a-confirmar-10.webp
wc26-gana-jogador-11-a-confirmar-11;Jogador 11 — a confirmar;Gana;11;Meia;comum;a-confirmar;assets/images/stickers/selecoes-2026/wc26-gana/wc26-gana-jogador-11-a-confirmar-11.webp
wc26-gana-jogador-12-a-confirmar-12;Jogador 12 — a confirmar;Gana;12;Meia;comum;a-confirmar;assets/images/stickers/selecoes-2026/wc26-gana/wc26-gana-jogador-12-a-confirmar-12.webp
wc26-gana-jogador-13-a-confirmar-13;Jogador 13 — a confirmar;Gana;13;Meia;comum;a-confirmar;assets/images/stickers/selecoes-2026/wc26-gana/wc26-gana-jogador-13-a-confirmar-13.webp
wc26-gana-jogador-14-a-confirmar-14;Jogador 14 — a confirmar;Gana;14;Meia;comum;a-confirmar;assets/images/stickers/selecoes-2026/wc26-gana/wc26-gana-jogador-14-a-confirmar-14.webp
wc26-gana-jogador-15-a-confirmar-15;Jogador 15 — a confirmar;Gana;15;Meia;comum;a-confirmar;assets/images/stickers/selecoes-2026/wc26-gana/wc26-gana-jogador-15-a-confirmar-15.webp
wc26-gana-jogador-16-a-confirmar-16;Jogador 16 — a confirmar;Gana;16;Meia;comum;a-confirmar;assets/images/stickers/selecoes-2026/wc26-gana/wc26-gana-jogador-16-a-confirmar-16.webp
wc26-gana-jogador-17-a-confirmar-17;Jogador 17 — a confirmar;Gana;17;Meia;comum;a-confirmar;assets/images/stickers/selecoes-2026/wc26-gana/wc26-gana-jogador-17-a-confirmar-17.webp
wc26-gana-jogador-18-a-confirmar-18;Jogador 18 — a confirmar;Gana;18;Meia;comum;a-confirmar;assets/images/stickers/selecoes-2026/wc26-gana/wc26-gana-jogador-18-a-confirmar-18.webp
wc26-gana-jogador-19-a-confirmar-19;Jogador 19 — a confirmar;Gana;19;Atacante;comum;a-confirmar;assets/images/stickers/selecoes-2026/wc26-gana/wc26-gana-jogador-19-a-confirmar-19.webp
wc26-gana-jogador-20-a-confirmar-20;Jogador 20 — a confirmar;Gana;20;Atacante;comum;a-confirmar;assets/images/stickers/selecoes-2026/wc26-gana/wc26-gana-jogador-20-a-confirmar-20.webp
wc26-gana-jogador-21-a-confirmar-21;Jogador 21 — a confirmar;Gana;21;Atacante;comum;a-confirmar;assets/images/stickers/selecoes-2026/wc26-gana/wc26-gana-jogador-21-a-confirmar-21.webp
wc26-gana-jogador-22-a-confirmar-22;Jogador 22 — a confirmar;Gana;22;Atacante;comum;a-confirmar;assets/images/stickers/selecoes-2026/wc26-gana/wc26-gana-jogador-22-a-confirmar-22.webp
wc26-gana-jogador-23-a-confirmar-23;Jogador 23 — a confirmar;Gana;23;Atacante;comum;a-confirmar;assets/images/stickers/selecoes-2026/wc26-gana/wc26-gana-jogador-23-a-confirmar-23.webp
wc26-gana-jogador-24-a-confirmar-24;Jogador 24 — a confirmar;Gana;24;Atacante;comum;a-confirmar;assets/images/stickers/selecoes-2026/wc26-gana/wc26-gana-jogador-24-a-confirmar-24.webp
wc26-gana-jogador-25-a-confirmar-25;Jogador 25 — a confirmar;Gana;25;Atacante;comum;a-confirmar;assets/images/stickers/selecoes-2026/wc26-gana/wc26-gana-jogador-25-a-confirmar-25.webp
wc26-gana-jogador-26-a-confirmar-26;Jogador 26 — a confirmar;Gana;26;Atacante;comum;a-confirmar;assets/images/stickers/selecoes-2026/wc26-gana/wc26-gana-jogador-26-a-confirmar-26.webp
wc26-rd-congo-jogador-01-a-confirmar-01;Jogador 01 — a confirmar;RD Congo;1;Goleiro;comum;a-confirmar;assets/images/stickers/selecoes-2026/wc26-rd-congo/wc26-rd-congo-jogador-01-a-confirmar-01.webp
wc26-rd-congo-jogador-02-a-confirmar-02;Jogador 02 — a confirmar;RD Congo;2;Goleiro;comum;a-confirmar;assets/images/stickers/selecoes-2026/wc26-rd-congo/wc26-rd-congo-jogador-02-a-confirmar-02.webp
wc26-rd-congo-jogador-03-a-confirmar-03;Jogador 03 — a confirmar;RD Congo;3;Goleiro;comum;a-confirmar;assets/images/stickers/selecoes-2026/wc26-rd-congo/wc26-rd-congo-jogador-03-a-confirmar-03.webp
wc26-rd-congo-jogador-04-a-confirmar-04;Jogador 04 — a confirmar;RD Congo;4;Defensor;comum;a-confirmar;assets/images/stickers/selecoes-2026/wc26-rd-congo/wc26-rd-congo-jogador-04-a-confirmar-04.webp
wc26-rd-congo-jogador-05-a-confirmar-05;Jogador 05 — a confirmar;RD Congo;5;Defensor;comum;a-confirmar;assets/images/stickers/selecoes-2026/wc26-rd-congo/wc26-rd-congo-jogador-05-a-confirmar-05.webp
wc26-rd-congo-jogador-06-a-confirmar-06;Jogador 06 — a confirmar;RD Congo;6;Defensor;comum;a-confirmar;assets/images/stickers/selecoes-2026/wc26-rd-congo/wc26-rd-congo-jogador-06-a-confirmar-06.webp
wc26-rd-congo-jogador-07-a-confirmar-07;Jogador 07 — a confirmar;RD Congo;7;Defensor;comum;a-confirmar;assets/images/stickers/selecoes-2026/wc26-rd-congo/wc26-rd-congo-jogador-07-a-confirmar-07.webp
wc26-rd-congo-jogador-08-a-confirmar-08;Jogador 08 — a confirmar;RD Congo;8;Defensor;comum;a-confirmar;assets/images/stickers/selecoes-2026/wc26-rd-congo/wc26-rd-congo-jogador-08-a-confirmar-08.webp
wc26-rd-congo-jogador-09-a-confirmar-09;Jogador 09 — a confirmar;RD Congo;9;Defensor;comum;a-confirmar;assets/images/stickers/selecoes-2026/wc26-rd-congo/wc26-rd-congo-jogador-09-a-confirmar-09.webp
wc26-rd-congo-jogador-10-a-confirmar-10;Jogador 10 — a confirmar;RD Congo;10;Defensor;comum;a-confirmar;assets/images/stickers/selecoes-2026/wc26-rd-congo/wc26-rd-congo-jogador-10-a-confirmar-10.webp
wc26-rd-congo-jogador-11-a-confirmar-11;Jogador 11 — a confirmar;RD Congo;11;Meia;comum;a-confirmar;assets/images/stickers/selecoes-2026/wc26-rd-congo/wc26-rd-congo-jogador-11-a-confirmar-11.webp
wc26-rd-congo-jogador-12-a-confirmar-12;Jogador 12 — a confirmar;RD Congo;12;Meia;comum;a-confirmar;assets/images/stickers/selecoes-2026/wc26-rd-congo/wc26-rd-congo-jogador-12-a-confirmar-12.webp
wc26-rd-congo-jogador-13-a-confirmar-13;Jogador 13 — a confirmar;RD Congo;13;Meia;comum;a-confirmar;assets/images/stickers/selecoes-2026/wc26-rd-congo/wc26-rd-congo-jogador-13-a-confirmar-13.webp
wc26-rd-congo-jogador-14-a-confirmar-14;Jogador 14 — a confirmar;RD Congo;14;Meia;comum;a-confirmar;assets/images/stickers/selecoes-2026/wc26-rd-congo/wc26-rd-congo-jogador-14-a-confirmar-14.webp
wc26-rd-congo-jogador-15-a-confirmar-15;Jogador 15 — a confirmar;RD Congo;15;Meia;comum;a-confirmar;assets/images/stickers/selecoes-2026/wc26-rd-congo/wc26-rd-congo-jogador-15-a-confirmar-15.webp
wc26-rd-congo-jogador-16-a-confirmar-16;Jogador 16 — a confirmar;RD Congo;16;Meia;comum;a-confirmar;assets/images/stickers/selecoes-2026/wc26-rd-congo/wc26-rd-congo-jogador-16-a-confirmar-16.webp
wc26-rd-congo-jogador-17-a-confirmar-17;Jogador 17 — a confirmar;RD Congo;17;Meia;comum;a-confirmar;assets/images/stickers/selecoes-2026/wc26-rd-congo/wc26-rd-congo-jogador-17-a-confirmar-17.webp
wc26-rd-congo-jogador-18-a-confirmar-18;Jogador 18 — a confirmar;RD Congo;18;Meia;comum;a-confirmar;assets/images/stickers/selecoes-2026/wc26-rd-congo/wc26-rd-congo-jogador-18-a-confirmar-18.webp
wc26-rd-congo-jogador-19-a-confirmar-19;Jogador 19 — a confirmar;RD Congo;19;Atacante;comum;a-confirmar;assets/images/stickers/selecoes-2026/wc26-rd-congo/wc26-rd-congo-jogador-19-a-confirmar-19.webp
wc26-rd-congo-jogador-20-a-confirmar-20;Jogador 20 — a confirmar;RD Congo;20;Atacante;comum;a-confirmar;assets/images/stickers/selecoes-2026/wc26-rd-congo/wc26-rd-congo-jogador-20-a-confirmar-20.webp
wc26-rd-congo-jogador-21-a-confirmar-21;Jogador 21 — a confirmar;RD Congo;21;Atacante;comum;a-confirmar;assets/images/stickers/selecoes-2026/wc26-rd-congo/wc26-rd-congo-jogador-21-a-confirmar-21.webp
wc26-rd-congo-jogador-22-a-confirmar-22;Jogador 22 — a confirmar;RD Congo;22;Atacante;comum;a-confirmar;assets/images/stickers/selecoes-2026/wc26-rd-congo/wc26-rd-congo-jogador-22-a-confirmar-22.webp
wc26-rd-congo-jogador-23-a-confirmar-23;Jogador 23 — a confirmar;RD Congo;23;Atacante;comum;a-confirmar;assets/images/stickers/selecoes-2026/wc26-rd-congo/wc26-rd-congo-jogador-23-a-confirmar-23.webp
wc26-rd-congo-jogador-24-a-confirmar-24;Jogador 24 — a confirmar;RD Congo;24;Atacante;comum;a-confirmar;assets/images/stickers/selecoes-2026/wc26-rd-congo/wc26-rd-congo-jogador-24-a-confirmar-24.webp
wc26-rd-congo-jogador-25-a-confirmar-25;Jogador 25 — a confirmar;RD Congo;25;Atacante;comum;a-confirmar;assets/images/stickers/selecoes-2026/wc26-rd-congo/wc26-rd-congo-jogador-25-a-confirmar-25.webp
wc26-rd-congo-jogador-26-a-confirmar-26;Jogador 26 — a confirmar;RD Congo;26;Atacante;comum;a-confirmar;assets/images/stickers/selecoes-2026/wc26-rd-congo/wc26-rd-congo-jogador-26-a-confirmar-26.webp
wc26-tunisia-jogador-01-a-confirmar-01;Jogador 01 — a confirmar;Tunísia;1;Goleiro;comum;a-confirmar;assets/images/stickers/selecoes-2026/wc26-tunisia/wc26-tunisia-jogador-01-a-confirmar-01.webp
wc26-tunisia-jogador-02-a-confirmar-02;Jogador 02 — a confirmar;Tunísia;2;Goleiro;comum;a-confirmar;assets/images/stickers/selecoes-2026/wc26-tunisia/wc26-tunisia-jogador-02-a-confirmar-02.webp
wc26-tunisia-jogador-03-a-confirmar-03;Jogador 03 — a confirmar;Tunísia;3;Goleiro;comum;a-confirmar;assets/images/stickers/selecoes-2026/wc26-tunisia/wc26-tunisia-jogador-03-a-confirmar-03.webp
wc26-tunisia-jogador-04-a-confirmar-04;Jogador 04 — a confirmar;Tunísia;4;Defensor;comum;a-confirmar;assets/images/stickers/selecoes-2026/wc26-tunisia/wc26-tunisia-jogador-04-a-confirmar-04.webp
wc26-tunisia-jogador-05-a-confirmar-05;Jogador 05 — a confirmar;Tunísia;5;Defensor;comum;a-confirmar;assets/images/stickers/selecoes-2026/wc26-tunisia/wc26-tunisia-jogador-05-a-confirmar-05.webp
wc26-tunisia-jogador-06-a-confirmar-06;Jogador 06 — a confirmar;Tunísia;6;Defensor;comum;a-confirmar;assets/images/stickers/selecoes-2026/wc26-tunisia/wc26-tunisia-jogador-06-a-confirmar-06.webp
wc26-tunisia-jogador-07-a-confirmar-07;Jogador 07 — a confirmar;Tunísia;7;Defensor;comum;a-confirmar;assets/images/stickers/selecoes-2026/wc26-tunisia/wc26-tunisia-jogador-07-a-confirmar-07.webp
wc26-tunisia-jogador-08-a-confirmar-08;Jogador 08 — a confirmar;Tunísia;8;Defensor;comum;a-confirmar;assets/images/stickers/selecoes-2026/wc26-tunisia/wc26-tunisia-jogador-08-a-confirmar-08.webp
wc26-tunisia-jogador-09-a-confirmar-09;Jogador 09 — a confirmar;Tunísia;9;Defensor;comum;a-confirmar;assets/images/stickers/selecoes-2026/wc26-tunisia/wc26-tunisia-jogador-09-a-confirmar-09.webp
wc26-tunisia-jogador-10-a-confirmar-10;Jogador 10 — a confirmar;Tunísia;10;Defensor;comum;a-confirmar;assets/images/stickers/selecoes-2026/wc26-tunisia/wc26-tunisia-jogador-10-a-confirmar-10.webp
wc26-tunisia-jogador-11-a-confirmar-11;Jogador 11 — a confirmar;Tunísia;11;Meia;comum;a-confirmar;assets/images/stickers/selecoes-2026/wc26-tunisia/wc26-tunisia-jogador-11-a-confirmar-11.webp
wc26-tunisia-jogador-12-a-confirmar-12;Jogador 12 — a confirmar;Tunísia;12;Meia;comum;a-confirmar;assets/images/stickers/selecoes-2026/wc26-tunisia/wc26-tunisia-jogador-12-a-confirmar-12.webp
wc26-tunisia-jogador-13-a-confirmar-13;Jogador 13 — a confirmar;Tunísia;13;Meia;comum;a-confirmar;assets/images/stickers/selecoes-2026/wc26-tunisia/wc26-tunisia-jogador-13-a-confirmar-13.webp
wc26-tunisia-jogador-14-a-confirmar-14;Jogador 14 — a confirmar;Tunísia;14;Meia;comum;a-confirmar;assets/images/stickers/selecoes-2026/wc26-tunisia/wc26-tunisia-jogador-14-a-confirmar-14.webp
wc26-tunisia-jogador-15-a-confirmar-15;Jogador 15 — a confirmar;Tunísia;15;Meia;comum;a-confirmar;assets/images/stickers/selecoes-2026/wc26-tunisia/wc26-tunisia-jogador-15-a-confirmar-15.webp
wc26-tunisia-jogador-16-a-confirmar-16;Jogador 16 — a confirmar;Tunísia;16;Meia;comum;a-confirmar;assets/images/stickers/selecoes-2026/wc26-tunisia/wc26-tunisia-jogador-16-a-confirmar-16.webp
wc26-tunisia-jogador-17-a-confirmar-17;Jogador 17 — a confirmar;Tunísia;17;Meia;comum;a-confirmar;assets/images/stickers/selecoes-2026/wc26-tunisia/wc26-tunisia-jogador-17-a-confirmar-17.webp
wc26-tunisia-jogador-18-a-confirmar-18;Jogador 18 — a confirmar;Tunísia;18;Meia;comum;a-confirmar;assets/images/stickers/selecoes-2026/wc26-tunisia/wc26-tunisia-jogador-18-a-confirmar-18.webp
wc26-tunisia-jogador-19-a-confirmar-19;Jogador 19 — a confirmar;Tunísia;19;Atacante;comum;a-confirmar;assets/images/stickers/selecoes-2026/wc26-tunisia/wc26-tunisia-jogador-19-a-confirmar-19.webp
wc26-tunisia-jogador-20-a-confirmar-20;Jogador 20 — a confirmar;Tunísia;20;Atacante;comum;a-confirmar;assets/images/stickers/selecoes-2026/wc26-tunisia/wc26-tunisia-jogador-20-a-confirmar-20.webp
wc26-tunisia-jogador-21-a-confirmar-21;Jogador 21 — a confirmar;Tunísia;21;Atacante;comum;a-confirmar;assets/images/stickers/selecoes-2026/wc26-tunisia/wc26-tunisia-jogador-21-a-confirmar-21.webp
wc26-tunisia-jogador-22-a-confirmar-22;Jogador 22 — a confirmar;Tunísia;22;Atacante;comum;a-confirmar;assets/images/stickers/selecoes-2026/wc26-tunisia/wc26-tunisia-jogador-22-a-confirmar-22.webp
wc26-tunisia-jogador-23-a-confirmar-23;Jogador 23 — a confirmar;Tunísia;23;Atacante;comum;a-confirmar;assets/images/stickers/selecoes-2026/wc26-tunisia/wc26-tunisia-jogador-23-a-confirmar-23.webp
wc26-tunisia-jogador-24-a-confirmar-24;Jogador 24 — a confirmar;Tunísia;24;Atacante;comum;a-confirmar;assets/images/stickers/selecoes-2026/wc26-tunisia/wc26-tunisia-jogador-24-a-confirmar-24.webp
wc26-tunisia-jogador-25-a-confirmar-25;Jogador 25 — a confirmar;Tunísia;25;Atacante;comum;a-confirmar;assets/images/stickers/selecoes-2026/wc26-tunisia/wc26-tunisia-jogador-25-a-confirmar-25.webp
wc26-tunisia-jogador-26-a-confirmar-26;Jogador 26 — a confirmar;Tunísia;26;Atacante;comum;a-confirmar;assets/images/stickers/selecoes-2026/wc26-tunisia/wc26-tunisia-jogador-26-a-confirmar-26.webp
wc26-franca-mbappe-01;Mbappé;França;10;Atacante;lendaria;parcial;assets/images/stickers/selecoes-2026/wc26-franca/wc26-franca-mbappe-01.webp
wc26-franca-griezmann-02;Griezmann;França;7;Meia;ouro;parcial;assets/images/stickers/selecoes-2026/wc26-franca/wc26-franca-griezmann-02.webp
wc26-franca-tchouameni-03;Tchouaméni;França;8;Volante;rara;parcial;assets/images/stickers/selecoes-2026/wc26-franca/wc26-franca-tchouameni-03.webp
wc26-franca-maignan-04;Maignan;França;1;Goleiro;rara;parcial;assets/images/stickers/selecoes-2026/wc26-franca/wc26-franca-maignan-04.webp
wc26-franca-jogador-05-a-confirmar-05;Jogador 05 — a confirmar;França;5;Defensor;comum;a-confirmar;assets/images/stickers/selecoes-2026/wc26-franca/wc26-franca-jogador-05-a-confirmar-05.webp
wc26-franca-jogador-06-a-confirmar-06;Jogador 06 — a confirmar;França;6;Defensor;comum;a-confirmar;assets/images/stickers/selecoes-2026/wc26-franca/wc26-franca-jogador-06-a-confirmar-06.webp
wc26-franca-jogador-07-a-confirmar-07;Jogador 07 — a confirmar;França;7;Defensor;comum;a-confirmar;assets/images/stickers/selecoes-2026/wc26-franca/wc26-franca-jogador-07-a-confirmar-07.webp
wc26-franca-jogador-08-a-confirmar-08;Jogador 08 — a confirmar;França;8;Defensor;comum;a-confirmar;assets/images/stickers/selecoes-2026/wc26-franca/wc26-franca-jogador-08-a-confirmar-08.webp
wc26-franca-jogador-09-a-confirmar-09;Jogador 09 — a confirmar;França;9;Defensor;comum;a-confirmar;assets/images/stickers/selecoes-2026/wc26-franca/wc26-franca-jogador-09-a-confirmar-09.webp
wc26-franca-jogador-10-a-confirmar-10;Jogador 10 — a confirmar;França;10;Defensor;comum;a-confirmar;assets/images/stickers/selecoes-2026/wc26-franca/wc26-franca-jogador-10-a-confirmar-10.webp
wc26-franca-jogador-11-a-confirmar-11;Jogador 11 — a confirmar;França;11;Meia;comum;a-confirmar;assets/images/stickers/selecoes-2026/wc26-franca/wc26-franca-jogador-11-a-confirmar-11.webp
wc26-franca-jogador-12-a-confirmar-12;Jogador 12 — a confirmar;França;12;Meia;comum;a-confirmar;assets/images/stickers/selecoes-2026/wc26-franca/wc26-franca-jogador-12-a-confirmar-12.webp
wc26-franca-jogador-13-a-confirmar-13;Jogador 13 — a confirmar;França;13;Meia;comum;a-confirmar;assets/images/stickers/selecoes-2026/wc26-franca/wc26-franca-jogador-13-a-confirmar-13.webp
wc26-franca-jogador-14-a-confirmar-14;Jogador 14 — a confirmar;França;14;Meia;comum;a-confirmar;assets/images/stickers/selecoes-2026/wc26-franca/wc26-franca-jogador-14-a-confirmar-14.webp
wc26-franca-jogador-15-a-confirmar-15;Jogador 15 — a confirmar;França;15;Meia;comum;a-confirmar;assets/images/stickers/selecoes-2026/wc26-franca/wc26-franca-jogador-15-a-confirmar-15.webp
wc26-franca-jogador-16-a-confirmar-16;Jogador 16 — a confirmar;França;16;Meia;comum;a-confirmar;assets/images/stickers/selecoes-2026/wc26-franca/wc26-franca-jogador-16-a-confirmar-16.webp
wc26-franca-jogador-17-a-confirmar-17;Jogador 17 — a confirmar;França;17;Meia;comum;a-confirmar;assets/images/stickers/selecoes-2026/wc26-franca/wc26-franca-jogador-17-a-confirmar-17.webp
wc26-franca-jogador-18-a-confirmar-18;Jogador 18 — a confirmar;França;18;Meia;comum;a-confirmar;assets/images/stickers/selecoes-2026/wc26-franca/wc26-franca-jogador-18-a-confirmar-18.webp
wc26-franca-jogador-19-a-confirmar-19;Jogador 19 — a confirmar;França;19;Atacante;comum;a-confirmar;assets/images/stickers/selecoes-2026/wc26-franca/wc26-franca-jogador-19-a-confirmar-19.webp
wc26-franca-jogador-20-a-confirmar-20;Jogador 20 — a confirmar;França;20;Atacante;comum;a-confirmar;assets/images/stickers/selecoes-2026/wc26-franca/wc26-franca-jogador-20-a-confirmar-20.webp
wc26-franca-jogador-21-a-confirmar-21;Jogador 21 — a confirmar;França;21;Atacante;comum;a-confirmar;assets/images/stickers/selecoes-2026/wc26-franca/wc26-franca-jogador-21-a-confirmar-21.webp
wc26-franca-jogador-22-a-confirmar-22;Jogador 22 — a confirmar;França;22;Atacante;comum;a-confirmar;assets/images/stickers/selecoes-2026/wc26-franca/wc26-franca-jogador-22-a-confirmar-22.webp
wc26-franca-jogador-23-a-confirmar-23;Jogador 23 — a confirmar;França;23;Atacante;comum;a-confirmar;assets/images/stickers/selecoes-2026/wc26-franca/wc26-franca-jogador-23-a-confirmar-23.webp
wc26-franca-jogador-24-a-confirmar-24;Jogador 24 — a confirmar;França;24;Atacante;comum;a-confirmar;assets/images/stickers/selecoes-2026/wc26-franca/wc26-franca-jogador-24-a-confirmar-24.webp
wc26-franca-jogador-25-a-confirmar-25;Jogador 25 — a confirmar;França;25;Atacante;comum;a-confirmar;assets/images/stickers/selecoes-2026/wc26-franca/wc26-franca-jogador-25-a-confirmar-25.webp
wc26-franca-jogador-26-a-confirmar-26;Jogador 26 — a confirmar;França;26;Atacante;comum;a-confirmar;assets/images/stickers/selecoes-2026/wc26-franca/wc26-franca-jogador-26-a-confirmar-26.webp
wc26-portugal-cristiano-ronaldo-01;Cristiano Ronaldo;Portugal;7;Atacante;lendaria;parcial;assets/images/stickers/selecoes-2026/wc26-portugal/wc26-portugal-cristiano-ronaldo-01.webp
wc26-portugal-bruno-fernandes-02;Bruno Fernandes;Portugal;8;Meia;ouro;parcial;assets/images/stickers/selecoes-2026/wc26-portugal/wc26-portugal-bruno-fernandes-02.webp
wc26-portugal-bernardo-silva-03;Bernardo Silva;Portugal;10;Meia;ouro;parcial;assets/images/stickers/selecoes-2026/wc26-portugal/wc26-portugal-bernardo-silva-03.webp
wc26-portugal-diogo-costa-04;Diogo Costa;Portugal;1;Goleiro;rara;parcial;assets/images/stickers/selecoes-2026/wc26-portugal/wc26-portugal-diogo-costa-04.webp
wc26-portugal-jogador-05-a-confirmar-05;Jogador 05 — a confirmar;Portugal;5;Defensor;comum;a-confirmar;assets/images/stickers/selecoes-2026/wc26-portugal/wc26-portugal-jogador-05-a-confirmar-05.webp
wc26-portugal-jogador-06-a-confirmar-06;Jogador 06 — a confirmar;Portugal;6;Defensor;comum;a-confirmar;assets/images/stickers/selecoes-2026/wc26-portugal/wc26-portugal-jogador-06-a-confirmar-06.webp
wc26-portugal-jogador-07-a-confirmar-07;Jogador 07 — a confirmar;Portugal;7;Defensor;comum;a-confirmar;assets/images/stickers/selecoes-2026/wc26-portugal/wc26-portugal-jogador-07-a-confirmar-07.webp
wc26-portugal-jogador-08-a-confirmar-08;Jogador 08 — a confirmar;Portugal;8;Defensor;comum;a-confirmar;assets/images/stickers/selecoes-2026/wc26-portugal/wc26-portugal-jogador-08-a-confirmar-08.webp
wc26-portugal-jogador-09-a-confirmar-09;Jogador 09 — a confirmar;Portugal;9;Defensor;comum;a-confirmar;assets/images/stickers/selecoes-2026/wc26-portugal/wc26-portugal-jogador-09-a-confirmar-09.webp
wc26-portugal-jogador-10-a-confirmar-10;Jogador 10 — a confirmar;Portugal;10;Defensor;comum;a-confirmar;assets/images/stickers/selecoes-2026/wc26-portugal/wc26-portugal-jogador-10-a-confirmar-10.webp
wc26-portugal-jogador-11-a-confirmar-11;Jogador 11 — a confirmar;Portugal;11;Meia;comum;a-confirmar;assets/images/stickers/selecoes-2026/wc26-portugal/wc26-portugal-jogador-11-a-confirmar-11.webp
wc26-portugal-jogador-12-a-confirmar-12;Jogador 12 — a confirmar;Portugal;12;Meia;comum;a-confirmar;assets/images/stickers/selecoes-2026/wc26-portugal/wc26-portugal-jogador-12-a-confirmar-12.webp
wc26-portugal-jogador-13-a-confirmar-13;Jogador 13 — a confirmar;Portugal;13;Meia;comum;a-confirmar;assets/images/stickers/selecoes-2026/wc26-portugal/wc26-portugal-jogador-13-a-confirmar-13.webp
wc26-portugal-jogador-14-a-confirmar-14;Jogador 14 — a confirmar;Portugal;14;Meia;comum;a-confirmar;assets/images/stickers/selecoes-2026/wc26-portugal/wc26-portugal-jogador-14-a-confirmar-14.webp
wc26-portugal-jogador-15-a-confirmar-15;Jogador 15 — a confirmar;Portugal;15;Meia;comum;a-confirmar;assets/images/stickers/selecoes-2026/wc26-portugal/wc26-portugal-jogador-15-a-confirmar-15.webp
wc26-portugal-jogador-16-a-confirmar-16;Jogador 16 — a confirmar;Portugal;16;Meia;comum;a-confirmar;assets/images/stickers/selecoes-2026/wc26-portugal/wc26-portugal-jogador-16-a-confirmar-16.webp
wc26-portugal-jogador-17-a-confirmar-17;Jogador 17 — a confirmar;Portugal;17;Meia;comum;a-confirmar;assets/images/stickers/selecoes-2026/wc26-portugal/wc26-portugal-jogador-17-a-confirmar-17.webp
wc26-portugal-jogador-18-a-confirmar-18;Jogador 18 — a confirmar;Portugal;18;Meia;comum;a-confirmar;assets/images/stickers/selecoes-2026/wc26-portugal/wc26-portugal-jogador-18-a-confirmar-18.webp
wc26-portugal-jogador-19-a-confirmar-19;Jogador 19 — a confirmar;Portugal;19;Atacante;comum;a-confirmar;assets/images/stickers/selecoes-2026/wc26-portugal/wc26-portugal-jogador-19-a-confirmar-19.webp
wc26-portugal-jogador-20-a-confirmar-20;Jogador 20 — a confirmar;Portugal;20;Atacante;comum;a-confirmar;assets/images/stickers/selecoes-2026/wc26-portugal/wc26-portugal-jogador-20-a-confirmar-20.webp
wc26-portugal-jogador-21-a-confirmar-21;Jogador 21 — a confirmar;Portugal;21;Atacante;comum;a-confirmar;assets/images/stickers/selecoes-2026/wc26-portugal/wc26-portugal-jogador-21-a-confirmar-21.webp
wc26-portugal-jogador-22-a-confirmar-22;Jogador 22 — a confirmar;Portugal;22;Atacante;comum;a-confirmar;assets/images/stickers/selecoes-2026/wc26-portugal/wc26-portugal-jogador-22-a-confirmar-22.webp
wc26-portugal-jogador-23-a-confirmar-23;Jogador 23 — a confirmar;Portugal;23;Atacante;comum;a-confirmar;assets/images/stickers/selecoes-2026/wc26-portugal/wc26-portugal-jogador-23-a-confirmar-23.webp
wc26-portugal-jogador-24-a-confirmar-24;Jogador 24 — a confirmar;Portugal;24;Atacante;comum;a-confirmar;assets/images/stickers/selecoes-2026/wc26-portugal/wc26-portugal-jogador-24-a-confirmar-24.webp
wc26-portugal-jogador-25-a-confirmar-25;Jogador 25 — a confirmar;Portugal;25;Atacante;comum;a-confirmar;assets/images/stickers/selecoes-2026/wc26-portugal/wc26-portugal-jogador-25-a-confirmar-25.webp
wc26-portugal-jogador-26-a-confirmar-26;Jogador 26 — a confirmar;Portugal;26;Atacante;comum;a-confirmar;assets/images/stickers/selecoes-2026/wc26-portugal/wc26-portugal-jogador-26-a-confirmar-26.webp
wc26-inglaterra-bellingham-01;Bellingham;Inglaterra;10;Meia;lendaria;parcial;assets/images/stickers/selecoes-2026/wc26-inglaterra/wc26-inglaterra-bellingham-01.webp
wc26-inglaterra-kane-02;Kane;Inglaterra;9;Atacante;ouro;parcial;assets/images/stickers/selecoes-2026/wc26-inglaterra/wc26-inglaterra-kane-02.webp
wc26-inglaterra-foden-03;Foden;Inglaterra;11;Meia;ouro;parcial;assets/images/stickers/selecoes-2026/wc26-inglaterra/wc26-inglaterra-foden-03.webp
wc26-inglaterra-saka-04;Saka;Inglaterra;7;Ponta;rara;parcial;assets/images/stickers/selecoes-2026/wc26-inglaterra/wc26-inglaterra-saka-04.webp
wc26-inglaterra-jogador-05-a-confirmar-05;Jogador 05 — a confirmar;Inglaterra;5;Defensor;comum;a-confirmar;assets/images/stickers/selecoes-2026/wc26-inglaterra/wc26-inglaterra-jogador-05-a-confirmar-05.webp
wc26-inglaterra-jogador-06-a-confirmar-06;Jogador 06 — a confirmar;Inglaterra;6;Defensor;comum;a-confirmar;assets/images/stickers/selecoes-2026/wc26-inglaterra/wc26-inglaterra-jogador-06-a-confirmar-06.webp
wc26-inglaterra-jogador-07-a-confirmar-07;Jogador 07 — a confirmar;Inglaterra;7;Defensor;comum;a-confirmar;assets/images/stickers/selecoes-2026/wc26-inglaterra/wc26-inglaterra-jogador-07-a-confirmar-07.webp
wc26-inglaterra-jogador-08-a-confirmar-08;Jogador 08 — a confirmar;Inglaterra;8;Defensor;comum;a-confirmar;assets/images/stickers/selecoes-2026/wc26-inglaterra/wc26-inglaterra-jogador-08-a-confirmar-08.webp
wc26-inglaterra-jogador-09-a-confirmar-09;Jogador 09 — a confirmar;Inglaterra;9;Defensor;comum;a-confirmar;assets/images/stickers/selecoes-2026/wc26-inglaterra/wc26-inglaterra-jogador-09-a-confirmar-09.webp
wc26-inglaterra-jogador-10-a-confirmar-10;Jogador 10 — a confirmar;Inglaterra;10;Defensor;comum;a-confirmar;assets/images/stickers/selecoes-2026/wc26-inglaterra/wc26-inglaterra-jogador-10-a-confirmar-10.webp
wc26-inglaterra-jogador-11-a-confirmar-11;Jogador 11 — a confirmar;Inglaterra;11;Meia;comum;a-confirmar;assets/images/stickers/selecoes-2026/wc26-inglaterra/wc26-inglaterra-jogador-11-a-confirmar-11.webp
wc26-inglaterra-jogador-12-a-confirmar-12;Jogador 12 — a confirmar;Inglaterra;12;Meia;comum;a-confirmar;assets/images/stickers/selecoes-2026/wc26-inglaterra/wc26-inglaterra-jogador-12-a-confirmar-12.webp
wc26-inglaterra-jogador-13-a-confirmar-13;Jogador 13 — a confirmar;Inglaterra;13;Meia;comum;a-confirmar;assets/images/stickers/selecoes-2026/wc26-inglaterra/wc26-inglaterra-jogador-13-a-confirmar-13.webp
wc26-inglaterra-jogador-14-a-confirmar-14;Jogador 14 — a confirmar;Inglaterra;14;Meia;comum;a-confirmar;assets/images/stickers/selecoes-2026/wc26-inglaterra/wc26-inglaterra-jogador-14-a-confirmar-14.webp
wc26-inglaterra-jogador-15-a-confirmar-15;Jogador 15 — a confirmar;Inglaterra;15;Meia;comum;a-confirmar;assets/images/stickers/selecoes-2026/wc26-inglaterra/wc26-inglaterra-jogador-15-a-confirmar-15.webp
wc26-inglaterra-jogador-16-a-confirmar-16;Jogador 16 — a confirmar;Inglaterra;16;Meia;comum;a-confirmar;assets/images/stickers/selecoes-2026/wc26-inglaterra/wc26-inglaterra-jogador-16-a-confirmar-16.webp
wc26-inglaterra-jogador-17-a-confirmar-17;Jogador 17 — a confirmar;Inglaterra;17;Meia;comum;a-confirmar;assets/images/stickers/selecoes-2026/wc26-inglaterra/wc26-inglaterra-jogador-17-a-confirmar-17.webp
wc26-inglaterra-jogador-18-a-confirmar-18;Jogador 18 — a confirmar;Inglaterra;18;Meia;comum;a-confirmar;assets/images/stickers/selecoes-2026/wc26-inglaterra/wc26-inglaterra-jogador-18-a-confirmar-18.webp
wc26-inglaterra-jogador-19-a-confirmar-19;Jogador 19 — a confirmar;Inglaterra;19;Atacante;comum;a-confirmar;assets/images/stickers/selecoes-2026/wc26-inglaterra/wc26-inglaterra-jogador-19-a-confirmar-19.webp
wc26-inglaterra-jogador-20-a-confirmar-20;Jogador 20 — a confirmar;Inglaterra;20;Atacante;comum;a-confirmar;assets/images/stickers/selecoes-2026/wc26-inglaterra/wc26-inglaterra-jogador-20-a-confirmar-20.webp
wc26-inglaterra-jogador-21-a-confirmar-21;Jogador 21 — a confirmar;Inglaterra;21;Atacante;comum;a-confirmar;assets/images/stickers/selecoes-2026/wc26-inglaterra/wc26-inglaterra-jogador-21-a-confirmar-21.webp
wc26-inglaterra-jogador-22-a-confirmar-22;Jogador 22 — a confirmar;Inglaterra;22;Atacante;comum;a-confirmar;assets/images/stickers/selecoes-2026/wc26-inglaterra/wc26-inglaterra-jogador-22-a-confirmar-22.webp
wc26-inglaterra-jogador-23-a-confirmar-23;Jogador 23 — a confirmar;Inglaterra;23;Atacante;comum;a-confirmar;assets/images/stickers/selecoes-2026/wc26-inglaterra/wc26-inglaterra-jogador-23-a-confirmar-23.webp
wc26-inglaterra-jogador-24-a-confirmar-24;Jogador 24 — a confirmar;Inglaterra;24;Atacante;comum;a-confirmar;assets/images/stickers/selecoes-2026/wc26-inglaterra/wc26-inglaterra-jogador-24-a-confirmar-24.webp
wc26-inglaterra-jogador-25-a-confirmar-25;Jogador 25 — a confirmar;Inglaterra;25;Atacante;comum;a-confirmar;assets/images/stickers/selecoes-2026/wc26-inglaterra/wc26-inglaterra-jogador-25-a-confirmar-25.webp
wc26-inglaterra-jogador-26-a-confirmar-26;Jogador 26 — a confirmar;Inglaterra;26;Atacante;comum;a-confirmar;assets/images/stickers/selecoes-2026/wc26-inglaterra/wc26-inglaterra-jogador-26-a-confirmar-26.webp
wc26-espanha-lamine-yamal-01;Lamine Yamal;Espanha;19;Ponta;ouro;parcial;assets/images/stickers/selecoes-2026/wc26-espanha/wc26-espanha-lamine-yamal-01.webp
wc26-espanha-pedri-02;Pedri;Espanha;8;Meia;ouro;parcial;assets/images/stickers/selecoes-2026/wc26-espanha/wc26-espanha-pedri-02.webp
wc26-espanha-rodri-03;Rodri;Espanha;16;Volante;ouro;parcial;assets/images/stickers/selecoes-2026/wc26-espanha/wc26-espanha-rodri-03.webp
wc26-espanha-unai-simon-04;Unai Simón;Espanha;1;Goleiro;rara;parcial;assets/images/stickers/selecoes-2026/wc26-espanha/wc26-espanha-unai-simon-04.webp
wc26-espanha-jogador-05-a-confirmar-05;Jogador 05 — a confirmar;Espanha;5;Defensor;comum;a-confirmar;assets/images/stickers/selecoes-2026/wc26-espanha/wc26-espanha-jogador-05-a-confirmar-05.webp
wc26-espanha-jogador-06-a-confirmar-06;Jogador 06 — a confirmar;Espanha;6;Defensor;comum;a-confirmar;assets/images/stickers/selecoes-2026/wc26-espanha/wc26-espanha-jogador-06-a-confirmar-06.webp
wc26-espanha-jogador-07-a-confirmar-07;Jogador 07 — a confirmar;Espanha;7;Defensor;comum;a-confirmar;assets/images/stickers/selecoes-2026/wc26-espanha/wc26-espanha-jogador-07-a-confirmar-07.webp
wc26-espanha-jogador-08-a-confirmar-08;Jogador 08 — a confirmar;Espanha;8;Defensor;comum;a-confirmar;assets/images/stickers/selecoes-2026/wc26-espanha/wc26-espanha-jogador-08-a-confirmar-08.webp
wc26-espanha-jogador-09-a-confirmar-09;Jogador 09 — a confirmar;Espanha;9;Defensor;comum;a-confirmar;assets/images/stickers/selecoes-2026/wc26-espanha/wc26-espanha-jogador-09-a-confirmar-09.webp
wc26-espanha-jogador-10-a-confirmar-10;Jogador 10 — a confirmar;Espanha;10;Defensor;comum;a-confirmar;assets/images/stickers/selecoes-2026/wc26-espanha/wc26-espanha-jogador-10-a-confirmar-10.webp
wc26-espanha-jogador-11-a-confirmar-11;Jogador 11 — a confirmar;Espanha;11;Meia;comum;a-confirmar;assets/images/stickers/selecoes-2026/wc26-espanha/wc26-espanha-jogador-11-a-confirmar-11.webp
wc26-espanha-jogador-12-a-confirmar-12;Jogador 12 — a confirmar;Espanha;12;Meia;comum;a-confirmar;assets/images/stickers/selecoes-2026/wc26-espanha/wc26-espanha-jogador-12-a-confirmar-12.webp
wc26-espanha-jogador-13-a-confirmar-13;Jogador 13 — a confirmar;Espanha;13;Meia;comum;a-confirmar;assets/images/stickers/selecoes-2026/wc26-espanha/wc26-espanha-jogador-13-a-confirmar-13.webp
wc26-espanha-jogador-14-a-confirmar-14;Jogador 14 — a confirmar;Espanha;14;Meia;comum;a-confirmar;assets/images/stickers/selecoes-2026/wc26-espanha/wc26-espanha-jogador-14-a-confirmar-14.webp
wc26-espanha-jogador-15-a-confirmar-15;Jogador 15 — a confirmar;Espanha;15;Meia;comum;a-confirmar;assets/images/stickers/selecoes-2026/wc26-espanha/wc26-espanha-jogador-15-a-confirmar-15.webp
wc26-espanha-jogador-16-a-confirmar-16;Jogador 16 — a confirmar;Espanha;16;Meia;comum;a-confirmar;assets/images/stickers/selecoes-2026/wc26-espanha/wc26-espanha-jogador-16-a-confirmar-16.webp
wc26-espanha-jogador-17-a-confirmar-17;Jogador 17 — a confirmar;Espanha;17;Meia;comum;a-confirmar;assets/images/stickers/selecoes-2026/wc26-espanha/wc26-espanha-jogador-17-a-confirmar-17.webp
wc26-espanha-jogador-18-a-confirmar-18;Jogador 18 — a confirmar;Espanha;18;Meia;comum;a-confirmar;assets/images/stickers/selecoes-2026/wc26-espanha/wc26-espanha-jogador-18-a-confirmar-18.webp
wc26-espanha-jogador-19-a-confirmar-19;Jogador 19 — a confirmar;Espanha;19;Atacante;comum;a-confirmar;assets/images/stickers/selecoes-2026/wc26-espanha/wc26-espanha-jogador-19-a-confirmar-19.webp
wc26-espanha-jogador-20-a-confirmar-20;Jogador 20 — a confirmar;Espanha;20;Atacante;comum;a-confirmar;assets/images/stickers/selecoes-2026/wc26-espanha/wc26-espanha-jogador-20-a-confirmar-20.webp
wc26-espanha-jogador-21-a-confirmar-21;Jogador 21 — a confirmar;Espanha;21;Atacante;comum;a-confirmar;assets/images/stickers/selecoes-2026/wc26-espanha/wc26-espanha-jogador-21-a-confirmar-21.webp
wc26-espanha-jogador-22-a-confirmar-22;Jogador 22 — a confirmar;Espanha;22;Atacante;comum;a-confirmar;assets/images/stickers/selecoes-2026/wc26-espanha/wc26-espanha-jogador-22-a-confirmar-22.webp
wc26-espanha-jogador-23-a-confirmar-23;Jogador 23 — a confirmar;Espanha;23;Atacante;comum;a-confirmar;assets/images/stickers/selecoes-2026/wc26-espanha/wc26-espanha-jogador-23-a-confirmar-23.webp
wc26-espanha-jogador-24-a-confirmar-24;Jogador 24 — a confirmar;Espanha;24;Atacante;comum;a-confirmar;assets/images/stickers/selecoes-2026/wc26-espanha/wc26-espanha-jogador-24-a-confirmar-24.webp
wc26-espanha-jogador-25-a-confirmar-25;Jogador 25 — a confirmar;Espanha;25;Atacante;comum;a-confirmar;assets/images/stickers/selecoes-2026/wc26-espanha/wc26-espanha-jogador-25-a-confirmar-25.webp
wc26-espanha-jogador-26-a-confirmar-26;Jogador 26 — a confirmar;Espanha;26;Atacante;comum;a-confirmar;assets/images/stickers/selecoes-2026/wc26-espanha/wc26-espanha-jogador-26-a-confirmar-26.webp
wc26-alemanha-musiala-01;Musiala;Alemanha;10;Meia;ouro;parcial;assets/images/stickers/selecoes-2026/wc26-alemanha/wc26-alemanha-musiala-01.webp
wc26-alemanha-wirtz-02;Wirtz;Alemanha;17;Meia;ouro;parcial;assets/images/stickers/selecoes-2026/wc26-alemanha/wc26-alemanha-wirtz-02.webp
wc26-alemanha-havertz-03;Havertz;Alemanha;7;Atacante;rara;parcial;assets/images/stickers/selecoes-2026/wc26-alemanha/wc26-alemanha-havertz-03.webp
wc26-alemanha-neuer-04;Neuer;Alemanha;1;Goleiro;rara;parcial;assets/images/stickers/selecoes-2026/wc26-alemanha/wc26-alemanha-neuer-04.webp
wc26-alemanha-jogador-05-a-confirmar-05;Jogador 05 — a confirmar;Alemanha;5;Defensor;comum;a-confirmar;assets/images/stickers/selecoes-2026/wc26-alemanha/wc26-alemanha-jogador-05-a-confirmar-05.webp
wc26-alemanha-jogador-06-a-confirmar-06;Jogador 06 — a confirmar;Alemanha;6;Defensor;comum;a-confirmar;assets/images/stickers/selecoes-2026/wc26-alemanha/wc26-alemanha-jogador-06-a-confirmar-06.webp
wc26-alemanha-jogador-07-a-confirmar-07;Jogador 07 — a confirmar;Alemanha;7;Defensor;comum;a-confirmar;assets/images/stickers/selecoes-2026/wc26-alemanha/wc26-alemanha-jogador-07-a-confirmar-07.webp
wc26-alemanha-jogador-08-a-confirmar-08;Jogador 08 — a confirmar;Alemanha;8;Defensor;comum;a-confirmar;assets/images/stickers/selecoes-2026/wc26-alemanha/wc26-alemanha-jogador-08-a-confirmar-08.webp
wc26-alemanha-jogador-09-a-confirmar-09;Jogador 09 — a confirmar;Alemanha;9;Defensor;comum;a-confirmar;assets/images/stickers/selecoes-2026/wc26-alemanha/wc26-alemanha-jogador-09-a-confirmar-09.webp
wc26-alemanha-jogador-10-a-confirmar-10;Jogador 10 — a confirmar;Alemanha;10;Defensor;comum;a-confirmar;assets/images/stickers/selecoes-2026/wc26-alemanha/wc26-alemanha-jogador-10-a-confirmar-10.webp
wc26-alemanha-jogador-11-a-confirmar-11;Jogador 11 — a confirmar;Alemanha;11;Meia;comum;a-confirmar;assets/images/stickers/selecoes-2026/wc26-alemanha/wc26-alemanha-jogador-11-a-confirmar-11.webp
wc26-alemanha-jogador-12-a-confirmar-12;Jogador 12 — a confirmar;Alemanha;12;Meia;comum;a-confirmar;assets/images/stickers/selecoes-2026/wc26-alemanha/wc26-alemanha-jogador-12-a-confirmar-12.webp
wc26-alemanha-jogador-13-a-confirmar-13;Jogador 13 — a confirmar;Alemanha;13;Meia;comum;a-confirmar;assets/images/stickers/selecoes-2026/wc26-alemanha/wc26-alemanha-jogador-13-a-confirmar-13.webp
wc26-alemanha-jogador-14-a-confirmar-14;Jogador 14 — a confirmar;Alemanha;14;Meia;comum;a-confirmar;assets/images/stickers/selecoes-2026/wc26-alemanha/wc26-alemanha-jogador-14-a-confirmar-14.webp
wc26-alemanha-jogador-15-a-confirmar-15;Jogador 15 — a confirmar;Alemanha;15;Meia;comum;a-confirmar;assets/images/stickers/selecoes-2026/wc26-alemanha/wc26-alemanha-jogador-15-a-confirmar-15.webp
wc26-alemanha-jogador-16-a-confirmar-16;Jogador 16 — a confirmar;Alemanha;16;Meia;comum;a-confirmar;assets/images/stickers/selecoes-2026/wc26-alemanha/wc26-alemanha-jogador-16-a-confirmar-16.webp
wc26-alemanha-jogador-17-a-confirmar-17;Jogador 17 — a confirmar;Alemanha;17;Meia;comum;a-confirmar;assets/images/stickers/selecoes-2026/wc26-alemanha/wc26-alemanha-jogador-17-a-confirmar-17.webp
wc26-alemanha-jogador-18-a-confirmar-18;Jogador 18 — a confirmar;Alemanha;18;Meia;comum;a-confirmar;assets/images/stickers/selecoes-2026/wc26-alemanha/wc26-alemanha-jogador-18-a-confirmar-18.webp
wc26-alemanha-jogador-19-a-confirmar-19;Jogador 19 — a confirmar;Alemanha;19;Atacante;comum;a-confirmar;assets/images/stickers/selecoes-2026/wc26-alemanha/wc26-alemanha-jogador-19-a-confirmar-19.webp
wc26-alemanha-jogador-20-a-confirmar-20;Jogador 20 — a confirmar;Alemanha;20;Atacante;comum;a-confirmar;assets/images/stickers/selecoes-2026/wc26-alemanha/wc26-alemanha-jogador-20-a-confirmar-20.webp
wc26-alemanha-jogador-21-a-confirmar-21;Jogador 21 — a confirmar;Alemanha;21;Atacante;comum;a-confirmar;assets/images/stickers/selecoes-2026/wc26-alemanha/wc26-alemanha-jogador-21-a-confirmar-21.webp
wc26-alemanha-jogador-22-a-confirmar-22;Jogador 22 — a confirmar;Alemanha;22;Atacante;comum;a-confirmar;assets/images/stickers/selecoes-2026/wc26-alemanha/wc26-alemanha-jogador-22-a-confirmar-22.webp
wc26-alemanha-jogador-23-a-confirmar-23;Jogador 23 — a confirmar;Alemanha;23;Atacante;comum;a-confirmar;assets/images/stickers/selecoes-2026/wc26-alemanha/wc26-alemanha-jogador-23-a-confirmar-23.webp
wc26-alemanha-jogador-24-a-confirmar-24;Jogador 24 — a confirmar;Alemanha;24;Atacante;comum;a-confirmar;assets/images/stickers/selecoes-2026/wc26-alemanha/wc26-alemanha-jogador-24-a-confirmar-24.webp
wc26-alemanha-jogador-25-a-confirmar-25;Jogador 25 — a confirmar;Alemanha;25;Atacante;comum;a-confirmar;assets/images/stickers/selecoes-2026/wc26-alemanha/wc26-alemanha-jogador-25-a-confirmar-25.webp
wc26-alemanha-jogador-26-a-confirmar-26;Jogador 26 — a confirmar;Alemanha;26;Atacante;comum;a-confirmar;assets/images/stickers/selecoes-2026/wc26-alemanha/wc26-alemanha-jogador-26-a-confirmar-26.webp
wc26-holanda-van-dijk-01;Van Dijk;Holanda;4;Zagueiro;ouro;parcial;assets/images/stickers/selecoes-2026/wc26-holanda/wc26-holanda-van-dijk-01.webp
wc26-holanda-de-jong-02;De Jong;Holanda;21;Meia;ouro;parcial;assets/images/stickers/selecoes-2026/wc26-holanda/wc26-holanda-de-jong-02.webp
wc26-holanda-gakpo-03;Gakpo;Holanda;11;Atacante;rara;parcial;assets/images/stickers/selecoes-2026/wc26-holanda/wc26-holanda-gakpo-03.webp
wc26-holanda-depay-04;Depay;Holanda;10;Atacante;rara;parcial;assets/images/stickers/selecoes-2026/wc26-holanda/wc26-holanda-depay-04.webp
wc26-holanda-jogador-05-a-confirmar-05;Jogador 05 — a confirmar;Holanda;5;Defensor;comum;a-confirmar;assets/images/stickers/selecoes-2026/wc26-holanda/wc26-holanda-jogador-05-a-confirmar-05.webp
wc26-holanda-jogador-06-a-confirmar-06;Jogador 06 — a confirmar;Holanda;6;Defensor;comum;a-confirmar;assets/images/stickers/selecoes-2026/wc26-holanda/wc26-holanda-jogador-06-a-confirmar-06.webp
wc26-holanda-jogador-07-a-confirmar-07;Jogador 07 — a confirmar;Holanda;7;Defensor;comum;a-confirmar;assets/images/stickers/selecoes-2026/wc26-holanda/wc26-holanda-jogador-07-a-confirmar-07.webp
wc26-holanda-jogador-08-a-confirmar-08;Jogador 08 — a confirmar;Holanda;8;Defensor;comum;a-confirmar;assets/images/stickers/selecoes-2026/wc26-holanda/wc26-holanda-jogador-08-a-confirmar-08.webp
wc26-holanda-jogador-09-a-confirmar-09;Jogador 09 — a confirmar;Holanda;9;Defensor;comum;a-confirmar;assets/images/stickers/selecoes-2026/wc26-holanda/wc26-holanda-jogador-09-a-confirmar-09.webp
wc26-holanda-jogador-10-a-confirmar-10;Jogador 10 — a confirmar;Holanda;10;Defensor;comum;a-confirmar;assets/images/stickers/selecoes-2026/wc26-holanda/wc26-holanda-jogador-10-a-confirmar-10.webp
wc26-holanda-jogador-11-a-confirmar-11;Jogador 11 — a confirmar;Holanda;11;Meia;comum;a-confirmar;assets/images/stickers/selecoes-2026/wc26-holanda/wc26-holanda-jogador-11-a-confirmar-11.webp
wc26-holanda-jogador-12-a-confirmar-12;Jogador 12 — a confirmar;Holanda;12;Meia;comum;a-confirmar;assets/images/stickers/selecoes-2026/wc26-holanda/wc26-holanda-jogador-12-a-confirmar-12.webp
wc26-holanda-jogador-13-a-confirmar-13;Jogador 13 — a confirmar;Holanda;13;Meia;comum;a-confirmar;assets/images/stickers/selecoes-2026/wc26-holanda/wc26-holanda-jogador-13-a-confirmar-13.webp
wc26-holanda-jogador-14-a-confirmar-14;Jogador 14 — a confirmar;Holanda;14;Meia;comum;a-confirmar;assets/images/stickers/selecoes-2026/wc26-holanda/wc26-holanda-jogador-14-a-confirmar-14.webp
wc26-holanda-jogador-15-a-confirmar-15;Jogador 15 — a confirmar;Holanda;15;Meia;comum;a-confirmar;assets/images/stickers/selecoes-2026/wc26-holanda/wc26-holanda-jogador-15-a-confirmar-15.webp
wc26-holanda-jogador-16-a-confirmar-16;Jogador 16 — a confirmar;Holanda;16;Meia;comum;a-confirmar;assets/images/stickers/selecoes-2026/wc26-holanda/wc26-holanda-jogador-16-a-confirmar-16.webp
wc26-holanda-jogador-17-a-confirmar-17;Jogador 17 — a confirmar;Holanda;17;Meia;comum;a-confirmar;assets/images/stickers/selecoes-2026/wc26-holanda/wc26-holanda-jogador-17-a-confirmar-17.webp
wc26-holanda-jogador-18-a-confirmar-18;Jogador 18 — a confirmar;Holanda;18;Meia;comum;a-confirmar;assets/images/stickers/selecoes-2026/wc26-holanda/wc26-holanda-jogador-18-a-confirmar-18.webp
wc26-holanda-jogador-19-a-confirmar-19;Jogador 19 — a confirmar;Holanda;19;Atacante;comum;a-confirmar;assets/images/stickers/selecoes-2026/wc26-holanda/wc26-holanda-jogador-19-a-confirmar-19.webp
wc26-holanda-jogador-20-a-confirmar-20;Jogador 20 — a confirmar;Holanda;20;Atacante;comum;a-confirmar;assets/images/stickers/selecoes-2026/wc26-holanda/wc26-holanda-jogador-20-a-confirmar-20.webp
wc26-holanda-jogador-21-a-confirmar-21;Jogador 21 — a confirmar;Holanda;21;Atacante;comum;a-confirmar;assets/images/stickers/selecoes-2026/wc26-holanda/wc26-holanda-jogador-21-a-confirmar-21.webp
wc26-holanda-jogador-22-a-confirmar-22;Jogador 22 — a confirmar;Holanda;22;Atacante;comum;a-confirmar;assets/images/stickers/selecoes-2026/wc26-holanda/wc26-holanda-jogador-22-a-confirmar-22.webp
wc26-holanda-jogador-23-a-confirmar-23;Jogador 23 — a confirmar;Holanda;23;Atacante;comum;a-confirmar;assets/images/stickers/selecoes-2026/wc26-holanda/wc26-holanda-jogador-23-a-confirmar-23.webp
wc26-holanda-jogador-24-a-confirmar-24;Jogador 24 — a confirmar;Holanda;24;Atacante;comum;a-confirmar;assets/images/stickers/selecoes-2026/wc26-holanda/wc26-holanda-jogador-24-a-confirmar-24.webp
wc26-holanda-jogador-25-a-confirmar-25;Jogador 25 — a confirmar;Holanda;25;Atacante;comum;a-confirmar;assets/images/stickers/selecoes-2026/wc26-holanda/wc26-holanda-jogador-25-a-confirmar-25.webp
wc26-holanda-jogador-26-a-confirmar-26;Jogador 26 — a confirmar;Holanda;26;Atacante;comum;a-confirmar;assets/images/stickers/selecoes-2026/wc26-holanda/wc26-holanda-jogador-26-a-confirmar-26.webp
wc26-belgica-de-bruyne-01;De Bruyne;Bélgica;7;Meia;lendaria;parcial;assets/images/stickers/selecoes-2026/wc26-belgica/wc26-belgica-de-bruyne-01.webp
wc26-belgica-courtois-02;Courtois;Bélgica;1;Goleiro;ouro;parcial;assets/images/stickers/selecoes-2026/wc26-belgica/wc26-belgica-courtois-02.webp
wc26-belgica-lukaku-03;Lukaku;Bélgica;9;Atacante;ouro;parcial;assets/images/stickers/selecoes-2026/wc26-belgica/wc26-belgica-lukaku-03.webp
wc26-belgica-jogador-04-a-confirmar-04;Jogador 04 — a confirmar;Bélgica;4;Defensor;comum;a-confirmar;assets/images/stickers/selecoes-2026/wc26-belgica/wc26-belgica-jogador-04-a-confirmar-04.webp
wc26-belgica-jogador-05-a-confirmar-05;Jogador 05 — a confirmar;Bélgica;5;Defensor;comum;a-confirmar;assets/images/stickers/selecoes-2026/wc26-belgica/wc26-belgica-jogador-05-a-confirmar-05.webp
wc26-belgica-jogador-06-a-confirmar-06;Jogador 06 — a confirmar;Bélgica;6;Defensor;comum;a-confirmar;assets/images/stickers/selecoes-2026/wc26-belgica/wc26-belgica-jogador-06-a-confirmar-06.webp
wc26-belgica-jogador-07-a-confirmar-07;Jogador 07 — a confirmar;Bélgica;7;Defensor;comum;a-confirmar;assets/images/stickers/selecoes-2026/wc26-belgica/wc26-belgica-jogador-07-a-confirmar-07.webp
wc26-belgica-jogador-08-a-confirmar-08;Jogador 08 — a confirmar;Bélgica;8;Defensor;comum;a-confirmar;assets/images/stickers/selecoes-2026/wc26-belgica/wc26-belgica-jogador-08-a-confirmar-08.webp
wc26-belgica-jogador-09-a-confirmar-09;Jogador 09 — a confirmar;Bélgica;9;Defensor;comum;a-confirmar;assets/images/stickers/selecoes-2026/wc26-belgica/wc26-belgica-jogador-09-a-confirmar-09.webp
wc26-belgica-jogador-10-a-confirmar-10;Jogador 10 — a confirmar;Bélgica;10;Defensor;comum;a-confirmar;assets/images/stickers/selecoes-2026/wc26-belgica/wc26-belgica-jogador-10-a-confirmar-10.webp
wc26-belgica-jogador-11-a-confirmar-11;Jogador 11 — a confirmar;Bélgica;11;Meia;comum;a-confirmar;assets/images/stickers/selecoes-2026/wc26-belgica/wc26-belgica-jogador-11-a-confirmar-11.webp
wc26-belgica-jogador-12-a-confirmar-12;Jogador 12 — a confirmar;Bélgica;12;Meia;comum;a-confirmar;assets/images/stickers/selecoes-2026/wc26-belgica/wc26-belgica-jogador-12-a-confirmar-12.webp
wc26-belgica-jogador-13-a-confirmar-13;Jogador 13 — a confirmar;Bélgica;13;Meia;comum;a-confirmar;assets/images/stickers/selecoes-2026/wc26-belgica/wc26-belgica-jogador-13-a-confirmar-13.webp
wc26-belgica-jogador-14-a-confirmar-14;Jogador 14 — a confirmar;Bélgica;14;Meia;comum;a-confirmar;assets/images/stickers/selecoes-2026/wc26-belgica/wc26-belgica-jogador-14-a-confirmar-14.webp
wc26-belgica-jogador-15-a-confirmar-15;Jogador 15 — a confirmar;Bélgica;15;Meia;comum;a-confirmar;assets/images/stickers/selecoes-2026/wc26-belgica/wc26-belgica-jogador-15-a-confirmar-15.webp
wc26-belgica-jogador-16-a-confirmar-16;Jogador 16 — a confirmar;Bélgica;16;Meia;comum;a-confirmar;assets/images/stickers/selecoes-2026/wc26-belgica/wc26-belgica-jogador-16-a-confirmar-16.webp
wc26-belgica-jogador-17-a-confirmar-17;Jogador 17 — a confirmar;Bélgica;17;Meia;comum;a-confirmar;assets/images/stickers/selecoes-2026/wc26-belgica/wc26-belgica-jogador-17-a-confirmar-17.webp
wc26-belgica-jogador-18-a-confirmar-18;Jogador 18 — a confirmar;Bélgica;18;Meia;comum;a-confirmar;assets/images/stickers/selecoes-2026/wc26-belgica/wc26-belgica-jogador-18-a-confirmar-18.webp
wc26-belgica-jogador-19-a-confirmar-19;Jogador 19 — a confirmar;Bélgica;19;Atacante;comum;a-confirmar;assets/images/stickers/selecoes-2026/wc26-belgica/wc26-belgica-jogador-19-a-confirmar-19.webp
wc26-belgica-jogador-20-a-confirmar-20;Jogador 20 — a confirmar;Bélgica;20;Atacante;comum;a-confirmar;assets/images/stickers/selecoes-2026/wc26-belgica/wc26-belgica-jogador-20-a-confirmar-20.webp
wc26-belgica-jogador-21-a-confirmar-21;Jogador 21 — a confirmar;Bélgica;21;Atacante;comum;a-confirmar;assets/images/stickers/selecoes-2026/wc26-belgica/wc26-belgica-jogador-21-a-confirmar-21.webp
wc26-belgica-jogador-22-a-confirmar-22;Jogador 22 — a confirmar;Bélgica;22;Atacante;comum;a-confirmar;assets/images/stickers/selecoes-2026/wc26-belgica/wc26-belgica-jogador-22-a-confirmar-22.webp
wc26-belgica-jogador-23-a-confirmar-23;Jogador 23 — a confirmar;Bélgica;23;Atacante;comum;a-confirmar;assets/images/stickers/selecoes-2026/wc26-belgica/wc26-belgica-jogador-23-a-confirmar-23.webp
wc26-belgica-jogador-24-a-confirmar-24;Jogador 24 — a confirmar;Bélgica;24;Atacante;comum;a-confirmar;assets/images/stickers/selecoes-2026/wc26-belgica/wc26-belgica-jogador-24-a-confirmar-24.webp
wc26-belgica-jogador-25-a-confirmar-25;Jogador 25 — a confirmar;Bélgica;25;Atacante;comum;a-confirmar;assets/images/stickers/selecoes-2026/wc26-belgica/wc26-belgica-jogador-25-a-confirmar-25.webp
wc26-belgica-jogador-26-a-confirmar-26;Jogador 26 — a confirmar;Bélgica;26;Atacante;comum;a-confirmar;assets/images/stickers/selecoes-2026/wc26-belgica/wc26-belgica-jogador-26-a-confirmar-26.webp
wc26-croacia-modric-01;Modrić;Croácia;10;Meia;rara;parcial;assets/images/stickers/selecoes-2026/wc26-croacia/wc26-croacia-modric-01.webp
wc26-croacia-jogador-02-a-confirmar-02;Jogador 02 — a confirmar;Croácia;2;Goleiro;comum;a-confirmar;assets/images/stickers/selecoes-2026/wc26-croacia/wc26-croacia-jogador-02-a-confirmar-02.webp
wc26-croacia-jogador-03-a-confirmar-03;Jogador 03 — a confirmar;Croácia;3;Goleiro;comum;a-confirmar;assets/images/stickers/selecoes-2026/wc26-croacia/wc26-croacia-jogador-03-a-confirmar-03.webp
wc26-croacia-jogador-04-a-confirmar-04;Jogador 04 — a confirmar;Croácia;4;Defensor;comum;a-confirmar;assets/images/stickers/selecoes-2026/wc26-croacia/wc26-croacia-jogador-04-a-confirmar-04.webp
wc26-croacia-jogador-05-a-confirmar-05;Jogador 05 — a confirmar;Croácia;5;Defensor;comum;a-confirmar;assets/images/stickers/selecoes-2026/wc26-croacia/wc26-croacia-jogador-05-a-confirmar-05.webp
wc26-croacia-jogador-06-a-confirmar-06;Jogador 06 — a confirmar;Croácia;6;Defensor;comum;a-confirmar;assets/images/stickers/selecoes-2026/wc26-croacia/wc26-croacia-jogador-06-a-confirmar-06.webp
wc26-croacia-jogador-07-a-confirmar-07;Jogador 07 — a confirmar;Croácia;7;Defensor;comum;a-confirmar;assets/images/stickers/selecoes-2026/wc26-croacia/wc26-croacia-jogador-07-a-confirmar-07.webp
wc26-croacia-jogador-08-a-confirmar-08;Jogador 08 — a confirmar;Croácia;8;Defensor;comum;a-confirmar;assets/images/stickers/selecoes-2026/wc26-croacia/wc26-croacia-jogador-08-a-confirmar-08.webp
wc26-croacia-jogador-09-a-confirmar-09;Jogador 09 — a confirmar;Croácia;9;Defensor;comum;a-confirmar;assets/images/stickers/selecoes-2026/wc26-croacia/wc26-croacia-jogador-09-a-confirmar-09.webp
wc26-croacia-jogador-10-a-confirmar-10;Jogador 10 — a confirmar;Croácia;10;Defensor;comum;a-confirmar;assets/images/stickers/selecoes-2026/wc26-croacia/wc26-croacia-jogador-10-a-confirmar-10.webp
wc26-croacia-jogador-11-a-confirmar-11;Jogador 11 — a confirmar;Croácia;11;Meia;comum;a-confirmar;assets/images/stickers/selecoes-2026/wc26-croacia/wc26-croacia-jogador-11-a-confirmar-11.webp
wc26-croacia-jogador-12-a-confirmar-12;Jogador 12 — a confirmar;Croácia;12;Meia;comum;a-confirmar;assets/images/stickers/selecoes-2026/wc26-croacia/wc26-croacia-jogador-12-a-confirmar-12.webp
wc26-croacia-jogador-13-a-confirmar-13;Jogador 13 — a confirmar;Croácia;13;Meia;comum;a-confirmar;assets/images/stickers/selecoes-2026/wc26-croacia/wc26-croacia-jogador-13-a-confirmar-13.webp
wc26-croacia-jogador-14-a-confirmar-14;Jogador 14 — a confirmar;Croácia;14;Meia;comum;a-confirmar;assets/images/stickers/selecoes-2026/wc26-croacia/wc26-croacia-jogador-14-a-confirmar-14.webp
wc26-croacia-jogador-15-a-confirmar-15;Jogador 15 — a confirmar;Croácia;15;Meia;comum;a-confirmar;assets/images/stickers/selecoes-2026/wc26-croacia/wc26-croacia-jogador-15-a-confirmar-15.webp
wc26-croacia-jogador-16-a-confirmar-16;Jogador 16 — a confirmar;Croácia;16;Meia;comum;a-confirmar;assets/images/stickers/selecoes-2026/wc26-croacia/wc26-croacia-jogador-16-a-confirmar-16.webp
wc26-croacia-jogador-17-a-confirmar-17;Jogador 17 — a confirmar;Croácia;17;Meia;comum;a-confirmar;assets/images/stickers/selecoes-2026/wc26-croacia/wc26-croacia-jogador-17-a-confirmar-17.webp
wc26-croacia-jogador-18-a-confirmar-18;Jogador 18 — a confirmar;Croácia;18;Meia;comum;a-confirmar;assets/images/stickers/selecoes-2026/wc26-croacia/wc26-croacia-jogador-18-a-confirmar-18.webp
wc26-croacia-jogador-19-a-confirmar-19;Jogador 19 — a confirmar;Croácia;19;Atacante;comum;a-confirmar;assets/images/stickers/selecoes-2026/wc26-croacia/wc26-croacia-jogador-19-a-confirmar-19.webp
wc26-croacia-jogador-20-a-confirmar-20;Jogador 20 — a confirmar;Croácia;20;Atacante;comum;a-confirmar;assets/images/stickers/selecoes-2026/wc26-croacia/wc26-croacia-jogador-20-a-confirmar-20.webp
wc26-croacia-jogador-21-a-confirmar-21;Jogador 21 — a confirmar;Croácia;21;Atacante;comum;a-confirmar;assets/images/stickers/selecoes-2026/wc26-croacia/wc26-croacia-jogador-21-a-confirmar-21.webp
wc26-croacia-jogador-22-a-confirmar-22;Jogador 22 — a confirmar;Croácia;22;Atacante;comum;a-confirmar;assets/images/stickers/selecoes-2026/wc26-croacia/wc26-croacia-jogador-22-a-confirmar-22.webp
wc26-croacia-jogador-23-a-confirmar-23;Jogador 23 — a confirmar;Croácia;23;Atacante;comum;a-confirmar;assets/images/stickers/selecoes-2026/wc26-croacia/wc26-croacia-jogador-23-a-confirmar-23.webp
wc26-croacia-jogador-24-a-confirmar-24;Jogador 24 — a confirmar;Croácia;24;Atacante;comum;a-confirmar;assets/images/stickers/selecoes-2026/wc26-croacia/wc26-croacia-jogador-24-a-confirmar-24.webp
wc26-croacia-jogador-25-a-confirmar-25;Jogador 25 — a confirmar;Croácia;25;Atacante;comum;a-confirmar;assets/images/stickers/selecoes-2026/wc26-croacia/wc26-croacia-jogador-25-a-confirmar-25.webp
wc26-croacia-jogador-26-a-confirmar-26;Jogador 26 — a confirmar;Croácia;26;Atacante;comum;a-confirmar;assets/images/stickers/selecoes-2026/wc26-croacia/wc26-croacia-jogador-26-a-confirmar-26.webp
wc26-suica-jogador-01-a-confirmar-01;Jogador 01 — a confirmar;Suíça;1;Goleiro;comum;a-confirmar;assets/images/stickers/selecoes-2026/wc26-suica/wc26-suica-jogador-01-a-confirmar-01.webp
wc26-suica-jogador-02-a-confirmar-02;Jogador 02 — a confirmar;Suíça;2;Goleiro;comum;a-confirmar;assets/images/stickers/selecoes-2026/wc26-suica/wc26-suica-jogador-02-a-confirmar-02.webp
wc26-suica-jogador-03-a-confirmar-03;Jogador 03 — a confirmar;Suíça;3;Goleiro;comum;a-confirmar;assets/images/stickers/selecoes-2026/wc26-suica/wc26-suica-jogador-03-a-confirmar-03.webp
wc26-suica-jogador-04-a-confirmar-04;Jogador 04 — a confirmar;Suíça;4;Defensor;comum;a-confirmar;assets/images/stickers/selecoes-2026/wc26-suica/wc26-suica-jogador-04-a-confirmar-04.webp
wc26-suica-jogador-05-a-confirmar-05;Jogador 05 — a confirmar;Suíça;5;Defensor;comum;a-confirmar;assets/images/stickers/selecoes-2026/wc26-suica/wc26-suica-jogador-05-a-confirmar-05.webp
wc26-suica-jogador-06-a-confirmar-06;Jogador 06 — a confirmar;Suíça;6;Defensor;comum;a-confirmar;assets/images/stickers/selecoes-2026/wc26-suica/wc26-suica-jogador-06-a-confirmar-06.webp
wc26-suica-jogador-07-a-confirmar-07;Jogador 07 — a confirmar;Suíça;7;Defensor;comum;a-confirmar;assets/images/stickers/selecoes-2026/wc26-suica/wc26-suica-jogador-07-a-confirmar-07.webp
wc26-suica-jogador-08-a-confirmar-08;Jogador 08 — a confirmar;Suíça;8;Defensor;comum;a-confirmar;assets/images/stickers/selecoes-2026/wc26-suica/wc26-suica-jogador-08-a-confirmar-08.webp
wc26-suica-jogador-09-a-confirmar-09;Jogador 09 — a confirmar;Suíça;9;Defensor;comum;a-confirmar;assets/images/stickers/selecoes-2026/wc26-suica/wc26-suica-jogador-09-a-confirmar-09.webp
wc26-suica-jogador-10-a-confirmar-10;Jogador 10 — a confirmar;Suíça;10;Defensor;comum;a-confirmar;assets/images/stickers/selecoes-2026/wc26-suica/wc26-suica-jogador-10-a-confirmar-10.webp
wc26-suica-jogador-11-a-confirmar-11;Jogador 11 — a confirmar;Suíça;11;Meia;comum;a-confirmar;assets/images/stickers/selecoes-2026/wc26-suica/wc26-suica-jogador-11-a-confirmar-11.webp
wc26-suica-jogador-12-a-confirmar-12;Jogador 12 — a confirmar;Suíça;12;Meia;comum;a-confirmar;assets/images/stickers/selecoes-2026/wc26-suica/wc26-suica-jogador-12-a-confirmar-12.webp
wc26-suica-jogador-13-a-confirmar-13;Jogador 13 — a confirmar;Suíça;13;Meia;comum;a-confirmar;assets/images/stickers/selecoes-2026/wc26-suica/wc26-suica-jogador-13-a-confirmar-13.webp
wc26-suica-jogador-14-a-confirmar-14;Jogador 14 — a confirmar;Suíça;14;Meia;comum;a-confirmar;assets/images/stickers/selecoes-2026/wc26-suica/wc26-suica-jogador-14-a-confirmar-14.webp
wc26-suica-jogador-15-a-confirmar-15;Jogador 15 — a confirmar;Suíça;15;Meia;comum;a-confirmar;assets/images/stickers/selecoes-2026/wc26-suica/wc26-suica-jogador-15-a-confirmar-15.webp
wc26-suica-jogador-16-a-confirmar-16;Jogador 16 — a confirmar;Suíça;16;Meia;comum;a-confirmar;assets/images/stickers/selecoes-2026/wc26-suica/wc26-suica-jogador-16-a-confirmar-16.webp
wc26-suica-jogador-17-a-confirmar-17;Jogador 17 — a confirmar;Suíça;17;Meia;comum;a-confirmar;assets/images/stickers/selecoes-2026/wc26-suica/wc26-suica-jogador-17-a-confirmar-17.webp
wc26-suica-jogador-18-a-confirmar-18;Jogador 18 — a confirmar;Suíça;18;Meia;comum;a-confirmar;assets/images/stickers/selecoes-2026/wc26-suica/wc26-suica-jogador-18-a-confirmar-18.webp
wc26-suica-jogador-19-a-confirmar-19;Jogador 19 — a confirmar;Suíça;19;Atacante;comum;a-confirmar;assets/images/stickers/selecoes-2026/wc26-suica/wc26-suica-jogador-19-a-confirmar-19.webp
wc26-suica-jogador-20-a-confirmar-20;Jogador 20 — a confirmar;Suíça;20;Atacante;comum;a-confirmar;assets/images/stickers/selecoes-2026/wc26-suica/wc26-suica-jogador-20-a-confirmar-20.webp
wc26-suica-jogador-21-a-confirmar-21;Jogador 21 — a confirmar;Suíça;21;Atacante;comum;a-confirmar;assets/images/stickers/selecoes-2026/wc26-suica/wc26-suica-jogador-21-a-confirmar-21.webp
wc26-suica-jogador-22-a-confirmar-22;Jogador 22 — a confirmar;Suíça;22;Atacante;comum;a-confirmar;assets/images/stickers/selecoes-2026/wc26-suica/wc26-suica-jogador-22-a-confirmar-22.webp
wc26-suica-jogador-23-a-confirmar-23;Jogador 23 — a confirmar;Suíça;23;Atacante;comum;a-confirmar;assets/images/stickers/selecoes-2026/wc26-suica/wc26-suica-jogador-23-a-confirmar-23.webp
wc26-suica-jogador-24-a-confirmar-24;Jogador 24 — a confirmar;Suíça;24;Atacante;comum;a-confirmar;assets/images/stickers/selecoes-2026/wc26-suica/wc26-suica-jogador-24-a-confirmar-24.webp
wc26-suica-jogador-25-a-confirmar-25;Jogador 25 — a confirmar;Suíça;25;Atacante;comum;a-confirmar;assets/images/stickers/selecoes-2026/wc26-suica/wc26-suica-jogador-25-a-confirmar-25.webp
wc26-suica-jogador-26-a-confirmar-26;Jogador 26 — a confirmar;Suíça;26;Atacante;comum;a-confirmar;assets/images/stickers/selecoes-2026/wc26-suica/wc26-suica-jogador-26-a-confirmar-26.webp
wc26-austria-jogador-01-a-confirmar-01;Jogador 01 — a confirmar;Áustria;1;Goleiro;comum;a-confirmar;assets/images/stickers/selecoes-2026/wc26-austria/wc26-austria-jogador-01-a-confirmar-01.webp
wc26-austria-jogador-02-a-confirmar-02;Jogador 02 — a confirmar;Áustria;2;Goleiro;comum;a-confirmar;assets/images/stickers/selecoes-2026/wc26-austria/wc26-austria-jogador-02-a-confirmar-02.webp
wc26-austria-jogador-03-a-confirmar-03;Jogador 03 — a confirmar;Áustria;3;Goleiro;comum;a-confirmar;assets/images/stickers/selecoes-2026/wc26-austria/wc26-austria-jogador-03-a-confirmar-03.webp
wc26-austria-jogador-04-a-confirmar-04;Jogador 04 — a confirmar;Áustria;4;Defensor;comum;a-confirmar;assets/images/stickers/selecoes-2026/wc26-austria/wc26-austria-jogador-04-a-confirmar-04.webp
wc26-austria-jogador-05-a-confirmar-05;Jogador 05 — a confirmar;Áustria;5;Defensor;comum;a-confirmar;assets/images/stickers/selecoes-2026/wc26-austria/wc26-austria-jogador-05-a-confirmar-05.webp
wc26-austria-jogador-06-a-confirmar-06;Jogador 06 — a confirmar;Áustria;6;Defensor;comum;a-confirmar;assets/images/stickers/selecoes-2026/wc26-austria/wc26-austria-jogador-06-a-confirmar-06.webp
wc26-austria-jogador-07-a-confirmar-07;Jogador 07 — a confirmar;Áustria;7;Defensor;comum;a-confirmar;assets/images/stickers/selecoes-2026/wc26-austria/wc26-austria-jogador-07-a-confirmar-07.webp
wc26-austria-jogador-08-a-confirmar-08;Jogador 08 — a confirmar;Áustria;8;Defensor;comum;a-confirmar;assets/images/stickers/selecoes-2026/wc26-austria/wc26-austria-jogador-08-a-confirmar-08.webp
wc26-austria-jogador-09-a-confirmar-09;Jogador 09 — a confirmar;Áustria;9;Defensor;comum;a-confirmar;assets/images/stickers/selecoes-2026/wc26-austria/wc26-austria-jogador-09-a-confirmar-09.webp
wc26-austria-jogador-10-a-confirmar-10;Jogador 10 — a confirmar;Áustria;10;Defensor;comum;a-confirmar;assets/images/stickers/selecoes-2026/wc26-austria/wc26-austria-jogador-10-a-confirmar-10.webp
wc26-austria-jogador-11-a-confirmar-11;Jogador 11 — a confirmar;Áustria;11;Meia;comum;a-confirmar;assets/images/stickers/selecoes-2026/wc26-austria/wc26-austria-jogador-11-a-confirmar-11.webp
wc26-austria-jogador-12-a-confirmar-12;Jogador 12 — a confirmar;Áustria;12;Meia;comum;a-confirmar;assets/images/stickers/selecoes-2026/wc26-austria/wc26-austria-jogador-12-a-confirmar-12.webp
wc26-austria-jogador-13-a-confirmar-13;Jogador 13 — a confirmar;Áustria;13;Meia;comum;a-confirmar;assets/images/stickers/selecoes-2026/wc26-austria/wc26-austria-jogador-13-a-confirmar-13.webp
wc26-austria-jogador-14-a-confirmar-14;Jogador 14 — a confirmar;Áustria;14;Meia;comum;a-confirmar;assets/images/stickers/selecoes-2026/wc26-austria/wc26-austria-jogador-14-a-confirmar-14.webp
wc26-austria-jogador-15-a-confirmar-15;Jogador 15 — a confirmar;Áustria;15;Meia;comum;a-confirmar;assets/images/stickers/selecoes-2026/wc26-austria/wc26-austria-jogador-15-a-confirmar-15.webp
wc26-austria-jogador-16-a-confirmar-16;Jogador 16 — a confirmar;Áustria;16;Meia;comum;a-confirmar;assets/images/stickers/selecoes-2026/wc26-austria/wc26-austria-jogador-16-a-confirmar-16.webp
wc26-austria-jogador-17-a-confirmar-17;Jogador 17 — a confirmar;Áustria;17;Meia;comum;a-confirmar;assets/images/stickers/selecoes-2026/wc26-austria/wc26-austria-jogador-17-a-confirmar-17.webp
wc26-austria-jogador-18-a-confirmar-18;Jogador 18 — a confirmar;Áustria;18;Meia;comum;a-confirmar;assets/images/stickers/selecoes-2026/wc26-austria/wc26-austria-jogador-18-a-confirmar-18.webp
wc26-austria-jogador-19-a-confirmar-19;Jogador 19 — a confirmar;Áustria;19;Atacante;comum;a-confirmar;assets/images/stickers/selecoes-2026/wc26-austria/wc26-austria-jogador-19-a-confirmar-19.webp
wc26-austria-jogador-20-a-confirmar-20;Jogador 20 — a confirmar;Áustria;20;Atacante;comum;a-confirmar;assets/images/stickers/selecoes-2026/wc26-austria/wc26-austria-jogador-20-a-confirmar-20.webp
wc26-austria-jogador-21-a-confirmar-21;Jogador 21 — a confirmar;Áustria;21;Atacante;comum;a-confirmar;assets/images/stickers/selecoes-2026/wc26-austria/wc26-austria-jogador-21-a-confirmar-21.webp
wc26-austria-jogador-22-a-confirmar-22;Jogador 22 — a confirmar;Áustria;22;Atacante;comum;a-confirmar;assets/images/stickers/selecoes-2026/wc26-austria/wc26-austria-jogador-22-a-confirmar-22.webp
wc26-austria-jogador-23-a-confirmar-23;Jogador 23 — a confirmar;Áustria;23;Atacante;comum;a-confirmar;assets/images/stickers/selecoes-2026/wc26-austria/wc26-austria-jogador-23-a-confirmar-23.webp
wc26-austria-jogador-24-a-confirmar-24;Jogador 24 — a confirmar;Áustria;24;Atacante;comum;a-confirmar;assets/images/stickers/selecoes-2026/wc26-austria/wc26-austria-jogador-24-a-confirmar-24.webp
wc26-austria-jogador-25-a-confirmar-25;Jogador 25 — a confirmar;Áustria;25;Atacante;comum;a-confirmar;assets/images/stickers/selecoes-2026/wc26-austria/wc26-austria-jogador-25-a-confirmar-25.webp
wc26-austria-jogador-26-a-confirmar-26;Jogador 26 — a confirmar;Áustria;26;Atacante;comum;a-confirmar;assets/images/stickers/selecoes-2026/wc26-austria/wc26-austria-jogador-26-a-confirmar-26.webp
wc26-noruega-haaland-01;Haaland;Noruega;9;Atacante;ouro;parcial;assets/images/stickers/selecoes-2026/wc26-noruega/wc26-noruega-haaland-01.webp
wc26-noruega-jogador-02-a-confirmar-02;Jogador 02 — a confirmar;Noruega;2;Goleiro;comum;a-confirmar;assets/images/stickers/selecoes-2026/wc26-noruega/wc26-noruega-jogador-02-a-confirmar-02.webp
wc26-noruega-jogador-03-a-confirmar-03;Jogador 03 — a confirmar;Noruega;3;Goleiro;comum;a-confirmar;assets/images/stickers/selecoes-2026/wc26-noruega/wc26-noruega-jogador-03-a-confirmar-03.webp
wc26-noruega-jogador-04-a-confirmar-04;Jogador 04 — a confirmar;Noruega;4;Defensor;comum;a-confirmar;assets/images/stickers/selecoes-2026/wc26-noruega/wc26-noruega-jogador-04-a-confirmar-04.webp
wc26-noruega-jogador-05-a-confirmar-05;Jogador 05 — a confirmar;Noruega;5;Defensor;comum;a-confirmar;assets/images/stickers/selecoes-2026/wc26-noruega/wc26-noruega-jogador-05-a-confirmar-05.webp
wc26-noruega-jogador-06-a-confirmar-06;Jogador 06 — a confirmar;Noruega;6;Defensor;comum;a-confirmar;assets/images/stickers/selecoes-2026/wc26-noruega/wc26-noruega-jogador-06-a-confirmar-06.webp
wc26-noruega-jogador-07-a-confirmar-07;Jogador 07 — a confirmar;Noruega;7;Defensor;comum;a-confirmar;assets/images/stickers/selecoes-2026/wc26-noruega/wc26-noruega-jogador-07-a-confirmar-07.webp
wc26-noruega-jogador-08-a-confirmar-08;Jogador 08 — a confirmar;Noruega;8;Defensor;comum;a-confirmar;assets/images/stickers/selecoes-2026/wc26-noruega/wc26-noruega-jogador-08-a-confirmar-08.webp
wc26-noruega-jogador-09-a-confirmar-09;Jogador 09 — a confirmar;Noruega;9;Defensor;comum;a-confirmar;assets/images/stickers/selecoes-2026/wc26-noruega/wc26-noruega-jogador-09-a-confirmar-09.webp
wc26-noruega-jogador-10-a-confirmar-10;Jogador 10 — a confirmar;Noruega;10;Defensor;comum;a-confirmar;assets/images/stickers/selecoes-2026/wc26-noruega/wc26-noruega-jogador-10-a-confirmar-10.webp
wc26-noruega-jogador-11-a-confirmar-11;Jogador 11 — a confirmar;Noruega;11;Meia;comum;a-confirmar;assets/images/stickers/selecoes-2026/wc26-noruega/wc26-noruega-jogador-11-a-confirmar-11.webp
wc26-noruega-jogador-12-a-confirmar-12;Jogador 12 — a confirmar;Noruega;12;Meia;comum;a-confirmar;assets/images/stickers/selecoes-2026/wc26-noruega/wc26-noruega-jogador-12-a-confirmar-12.webp
wc26-noruega-jogador-13-a-confirmar-13;Jogador 13 — a confirmar;Noruega;13;Meia;comum;a-confirmar;assets/images/stickers/selecoes-2026/wc26-noruega/wc26-noruega-jogador-13-a-confirmar-13.webp
wc26-noruega-jogador-14-a-confirmar-14;Jogador 14 — a confirmar;Noruega;14;Meia;comum;a-confirmar;assets/images/stickers/selecoes-2026/wc26-noruega/wc26-noruega-jogador-14-a-confirmar-14.webp
wc26-noruega-jogador-15-a-confirmar-15;Jogador 15 — a confirmar;Noruega;15;Meia;comum;a-confirmar;assets/images/stickers/selecoes-2026/wc26-noruega/wc26-noruega-jogador-15-a-confirmar-15.webp
wc26-noruega-jogador-16-a-confirmar-16;Jogador 16 — a confirmar;Noruega;16;Meia;comum;a-confirmar;assets/images/stickers/selecoes-2026/wc26-noruega/wc26-noruega-jogador-16-a-confirmar-16.webp
wc26-noruega-jogador-17-a-confirmar-17;Jogador 17 — a confirmar;Noruega;17;Meia;comum;a-confirmar;assets/images/stickers/selecoes-2026/wc26-noruega/wc26-noruega-jogador-17-a-confirmar-17.webp
wc26-noruega-jogador-18-a-confirmar-18;Jogador 18 — a confirmar;Noruega;18;Meia;comum;a-confirmar;assets/images/stickers/selecoes-2026/wc26-noruega/wc26-noruega-jogador-18-a-confirmar-18.webp
wc26-noruega-jogador-19-a-confirmar-19;Jogador 19 — a confirmar;Noruega;19;Atacante;comum;a-confirmar;assets/images/stickers/selecoes-2026/wc26-noruega/wc26-noruega-jogador-19-a-confirmar-19.webp
wc26-noruega-jogador-20-a-confirmar-20;Jogador 20 — a confirmar;Noruega;20;Atacante;comum;a-confirmar;assets/images/stickers/selecoes-2026/wc26-noruega/wc26-noruega-jogador-20-a-confirmar-20.webp
wc26-noruega-jogador-21-a-confirmar-21;Jogador 21 — a confirmar;Noruega;21;Atacante;comum;a-confirmar;assets/images/stickers/selecoes-2026/wc26-noruega/wc26-noruega-jogador-21-a-confirmar-21.webp
wc26-noruega-jogador-22-a-confirmar-22;Jogador 22 — a confirmar;Noruega;22;Atacante;comum;a-confirmar;assets/images/stickers/selecoes-2026/wc26-noruega/wc26-noruega-jogador-22-a-confirmar-22.webp
wc26-noruega-jogador-23-a-confirmar-23;Jogador 23 — a confirmar;Noruega;23;Atacante;comum;a-confirmar;assets/images/stickers/selecoes-2026/wc26-noruega/wc26-noruega-jogador-23-a-confirmar-23.webp
wc26-noruega-jogador-24-a-confirmar-24;Jogador 24 — a confirmar;Noruega;24;Atacante;comum;a-confirmar;assets/images/stickers/selecoes-2026/wc26-noruega/wc26-noruega-jogador-24-a-confirmar-24.webp
wc26-noruega-jogador-25-a-confirmar-25;Jogador 25 — a confirmar;Noruega;25;Atacante;comum;a-confirmar;assets/images/stickers/selecoes-2026/wc26-noruega/wc26-noruega-jogador-25-a-confirmar-25.webp
wc26-noruega-jogador-26-a-confirmar-26;Jogador 26 — a confirmar;Noruega;26;Atacante;comum;a-confirmar;assets/images/stickers/selecoes-2026/wc26-noruega/wc26-noruega-jogador-26-a-confirmar-26.webp
wc26-escocia-jogador-01-a-confirmar-01;Jogador 01 — a confirmar;Escócia;1;Goleiro;comum;a-confirmar;assets/images/stickers/selecoes-2026/wc26-escocia/wc26-escocia-jogador-01-a-confirmar-01.webp
wc26-escocia-jogador-02-a-confirmar-02;Jogador 02 — a confirmar;Escócia;2;Goleiro;comum;a-confirmar;assets/images/stickers/selecoes-2026/wc26-escocia/wc26-escocia-jogador-02-a-confirmar-02.webp
wc26-escocia-jogador-03-a-confirmar-03;Jogador 03 — a confirmar;Escócia;3;Goleiro;comum;a-confirmar;assets/images/stickers/selecoes-2026/wc26-escocia/wc26-escocia-jogador-03-a-confirmar-03.webp
wc26-escocia-jogador-04-a-confirmar-04;Jogador 04 — a confirmar;Escócia;4;Defensor;comum;a-confirmar;assets/images/stickers/selecoes-2026/wc26-escocia/wc26-escocia-jogador-04-a-confirmar-04.webp
wc26-escocia-jogador-05-a-confirmar-05;Jogador 05 — a confirmar;Escócia;5;Defensor;comum;a-confirmar;assets/images/stickers/selecoes-2026/wc26-escocia/wc26-escocia-jogador-05-a-confirmar-05.webp
wc26-escocia-jogador-06-a-confirmar-06;Jogador 06 — a confirmar;Escócia;6;Defensor;comum;a-confirmar;assets/images/stickers/selecoes-2026/wc26-escocia/wc26-escocia-jogador-06-a-confirmar-06.webp
wc26-escocia-jogador-07-a-confirmar-07;Jogador 07 — a confirmar;Escócia;7;Defensor;comum;a-confirmar;assets/images/stickers/selecoes-2026/wc26-escocia/wc26-escocia-jogador-07-a-confirmar-07.webp
wc26-escocia-jogador-08-a-confirmar-08;Jogador 08 — a confirmar;Escócia;8;Defensor;comum;a-confirmar;assets/images/stickers/selecoes-2026/wc26-escocia/wc26-escocia-jogador-08-a-confirmar-08.webp
wc26-escocia-jogador-09-a-confirmar-09;Jogador 09 — a confirmar;Escócia;9;Defensor;comum;a-confirmar;assets/images/stickers/selecoes-2026/wc26-escocia/wc26-escocia-jogador-09-a-confirmar-09.webp
wc26-escocia-jogador-10-a-confirmar-10;Jogador 10 — a confirmar;Escócia;10;Defensor;comum;a-confirmar;assets/images/stickers/selecoes-2026/wc26-escocia/wc26-escocia-jogador-10-a-confirmar-10.webp
wc26-escocia-jogador-11-a-confirmar-11;Jogador 11 — a confirmar;Escócia;11;Meia;comum;a-confirmar;assets/images/stickers/selecoes-2026/wc26-escocia/wc26-escocia-jogador-11-a-confirmar-11.webp
wc26-escocia-jogador-12-a-confirmar-12;Jogador 12 — a confirmar;Escócia;12;Meia;comum;a-confirmar;assets/images/stickers/selecoes-2026/wc26-escocia/wc26-escocia-jogador-12-a-confirmar-12.webp
wc26-escocia-jogador-13-a-confirmar-13;Jogador 13 — a confirmar;Escócia;13;Meia;comum;a-confirmar;assets/images/stickers/selecoes-2026/wc26-escocia/wc26-escocia-jogador-13-a-confirmar-13.webp
wc26-escocia-jogador-14-a-confirmar-14;Jogador 14 — a confirmar;Escócia;14;Meia;comum;a-confirmar;assets/images/stickers/selecoes-2026/wc26-escocia/wc26-escocia-jogador-14-a-confirmar-14.webp
wc26-escocia-jogador-15-a-confirmar-15;Jogador 15 — a confirmar;Escócia;15;Meia;comum;a-confirmar;assets/images/stickers/selecoes-2026/wc26-escocia/wc26-escocia-jogador-15-a-confirmar-15.webp
wc26-escocia-jogador-16-a-confirmar-16;Jogador 16 — a confirmar;Escócia;16;Meia;comum;a-confirmar;assets/images/stickers/selecoes-2026/wc26-escocia/wc26-escocia-jogador-16-a-confirmar-16.webp
wc26-escocia-jogador-17-a-confirmar-17;Jogador 17 — a confirmar;Escócia;17;Meia;comum;a-confirmar;assets/images/stickers/selecoes-2026/wc26-escocia/wc26-escocia-jogador-17-a-confirmar-17.webp
wc26-escocia-jogador-18-a-confirmar-18;Jogador 18 — a confirmar;Escócia;18;Meia;comum;a-confirmar;assets/images/stickers/selecoes-2026/wc26-escocia/wc26-escocia-jogador-18-a-confirmar-18.webp
wc26-escocia-jogador-19-a-confirmar-19;Jogador 19 — a confirmar;Escócia;19;Atacante;comum;a-confirmar;assets/images/stickers/selecoes-2026/wc26-escocia/wc26-escocia-jogador-19-a-confirmar-19.webp
wc26-escocia-jogador-20-a-confirmar-20;Jogador 20 — a confirmar;Escócia;20;Atacante;comum;a-confirmar;assets/images/stickers/selecoes-2026/wc26-escocia/wc26-escocia-jogador-20-a-confirmar-20.webp
wc26-escocia-jogador-21-a-confirmar-21;Jogador 21 — a confirmar;Escócia;21;Atacante;comum;a-confirmar;assets/images/stickers/selecoes-2026/wc26-escocia/wc26-escocia-jogador-21-a-confirmar-21.webp
wc26-escocia-jogador-22-a-confirmar-22;Jogador 22 — a confirmar;Escócia;22;Atacante;comum;a-confirmar;assets/images/stickers/selecoes-2026/wc26-escocia/wc26-escocia-jogador-22-a-confirmar-22.webp
wc26-escocia-jogador-23-a-confirmar-23;Jogador 23 — a confirmar;Escócia;23;Atacante;comum;a-confirmar;assets/images/stickers/selecoes-2026/wc26-escocia/wc26-escocia-jogador-23-a-confirmar-23.webp
wc26-escocia-jogador-24-a-confirmar-24;Jogador 24 — a confirmar;Escócia;24;Atacante;comum;a-confirmar;assets/images/stickers/selecoes-2026/wc26-escocia/wc26-escocia-jogador-24-a-confirmar-24.webp
wc26-escocia-jogador-25-a-confirmar-25;Jogador 25 — a confirmar;Escócia;25;Atacante;comum;a-confirmar;assets/images/stickers/selecoes-2026/wc26-escocia/wc26-escocia-jogador-25-a-confirmar-25.webp
wc26-escocia-jogador-26-a-confirmar-26;Jogador 26 — a confirmar;Escócia;26;Atacante;comum;a-confirmar;assets/images/stickers/selecoes-2026/wc26-escocia/wc26-escocia-jogador-26-a-confirmar-26.webp
wc26-suecia-jogador-01-a-confirmar-01;Jogador 01 — a confirmar;Suécia;1;Goleiro;comum;a-confirmar;assets/images/stickers/selecoes-2026/wc26-suecia/wc26-suecia-jogador-01-a-confirmar-01.webp
wc26-suecia-jogador-02-a-confirmar-02;Jogador 02 — a confirmar;Suécia;2;Goleiro;comum;a-confirmar;assets/images/stickers/selecoes-2026/wc26-suecia/wc26-suecia-jogador-02-a-confirmar-02.webp
wc26-suecia-jogador-03-a-confirmar-03;Jogador 03 — a confirmar;Suécia;3;Goleiro;comum;a-confirmar;assets/images/stickers/selecoes-2026/wc26-suecia/wc26-suecia-jogador-03-a-confirmar-03.webp
wc26-suecia-jogador-04-a-confirmar-04;Jogador 04 — a confirmar;Suécia;4;Defensor;comum;a-confirmar;assets/images/stickers/selecoes-2026/wc26-suecia/wc26-suecia-jogador-04-a-confirmar-04.webp
wc26-suecia-jogador-05-a-confirmar-05;Jogador 05 — a confirmar;Suécia;5;Defensor;comum;a-confirmar;assets/images/stickers/selecoes-2026/wc26-suecia/wc26-suecia-jogador-05-a-confirmar-05.webp
wc26-suecia-jogador-06-a-confirmar-06;Jogador 06 — a confirmar;Suécia;6;Defensor;comum;a-confirmar;assets/images/stickers/selecoes-2026/wc26-suecia/wc26-suecia-jogador-06-a-confirmar-06.webp
wc26-suecia-jogador-07-a-confirmar-07;Jogador 07 — a confirmar;Suécia;7;Defensor;comum;a-confirmar;assets/images/stickers/selecoes-2026/wc26-suecia/wc26-suecia-jogador-07-a-confirmar-07.webp
wc26-suecia-jogador-08-a-confirmar-08;Jogador 08 — a confirmar;Suécia;8;Defensor;comum;a-confirmar;assets/images/stickers/selecoes-2026/wc26-suecia/wc26-suecia-jogador-08-a-confirmar-08.webp
wc26-suecia-jogador-09-a-confirmar-09;Jogador 09 — a confirmar;Suécia;9;Defensor;comum;a-confirmar;assets/images/stickers/selecoes-2026/wc26-suecia/wc26-suecia-jogador-09-a-confirmar-09.webp
wc26-suecia-jogador-10-a-confirmar-10;Jogador 10 — a confirmar;Suécia;10;Defensor;comum;a-confirmar;assets/images/stickers/selecoes-2026/wc26-suecia/wc26-suecia-jogador-10-a-confirmar-10.webp
wc26-suecia-jogador-11-a-confirmar-11;Jogador 11 — a confirmar;Suécia;11;Meia;comum;a-confirmar;assets/images/stickers/selecoes-2026/wc26-suecia/wc26-suecia-jogador-11-a-confirmar-11.webp
wc26-suecia-jogador-12-a-confirmar-12;Jogador 12 — a confirmar;Suécia;12;Meia;comum;a-confirmar;assets/images/stickers/selecoes-2026/wc26-suecia/wc26-suecia-jogador-12-a-confirmar-12.webp
wc26-suecia-jogador-13-a-confirmar-13;Jogador 13 — a confirmar;Suécia;13;Meia;comum;a-confirmar;assets/images/stickers/selecoes-2026/wc26-suecia/wc26-suecia-jogador-13-a-confirmar-13.webp
wc26-suecia-jogador-14-a-confirmar-14;Jogador 14 — a confirmar;Suécia;14;Meia;comum;a-confirmar;assets/images/stickers/selecoes-2026/wc26-suecia/wc26-suecia-jogador-14-a-confirmar-14.webp
wc26-suecia-jogador-15-a-confirmar-15;Jogador 15 — a confirmar;Suécia;15;Meia;comum;a-confirmar;assets/images/stickers/selecoes-2026/wc26-suecia/wc26-suecia-jogador-15-a-confirmar-15.webp
wc26-suecia-jogador-16-a-confirmar-16;Jogador 16 — a confirmar;Suécia;16;Meia;comum;a-confirmar;assets/images/stickers/selecoes-2026/wc26-suecia/wc26-suecia-jogador-16-a-confirmar-16.webp
wc26-suecia-jogador-17-a-confirmar-17;Jogador 17 — a confirmar;Suécia;17;Meia;comum;a-confirmar;assets/images/stickers/selecoes-2026/wc26-suecia/wc26-suecia-jogador-17-a-confirmar-17.webp
wc26-suecia-jogador-18-a-confirmar-18;Jogador 18 — a confirmar;Suécia;18;Meia;comum;a-confirmar;assets/images/stickers/selecoes-2026/wc26-suecia/wc26-suecia-jogador-18-a-confirmar-18.webp
wc26-suecia-jogador-19-a-confirmar-19;Jogador 19 — a confirmar;Suécia;19;Atacante;comum;a-confirmar;assets/images/stickers/selecoes-2026/wc26-suecia/wc26-suecia-jogador-19-a-confirmar-19.webp
wc26-suecia-jogador-20-a-confirmar-20;Jogador 20 — a confirmar;Suécia;20;Atacante;comum;a-confirmar;assets/images/stickers/selecoes-2026/wc26-suecia/wc26-suecia-jogador-20-a-confirmar-20.webp
wc26-suecia-jogador-21-a-confirmar-21;Jogador 21 — a confirmar;Suécia;21;Atacante;comum;a-confirmar;assets/images/stickers/selecoes-2026/wc26-suecia/wc26-suecia-jogador-21-a-confirmar-21.webp
wc26-suecia-jogador-22-a-confirmar-22;Jogador 22 — a confirmar;Suécia;22;Atacante;comum;a-confirmar;assets/images/stickers/selecoes-2026/wc26-suecia/wc26-suecia-jogador-22-a-confirmar-22.webp
wc26-suecia-jogador-23-a-confirmar-23;Jogador 23 — a confirmar;Suécia;23;Atacante;comum;a-confirmar;assets/images/stickers/selecoes-2026/wc26-suecia/wc26-suecia-jogador-23-a-confirmar-23.webp
wc26-suecia-jogador-24-a-confirmar-24;Jogador 24 — a confirmar;Suécia;24;Atacante;comum;a-confirmar;assets/images/stickers/selecoes-2026/wc26-suecia/wc26-suecia-jogador-24-a-confirmar-24.webp
wc26-suecia-jogador-25-a-confirmar-25;Jogador 25 — a confirmar;Suécia;25;Atacante;comum;a-confirmar;assets/images/stickers/selecoes-2026/wc26-suecia/wc26-suecia-jogador-25-a-confirmar-25.webp
wc26-suecia-jogador-26-a-confirmar-26;Jogador 26 — a confirmar;Suécia;26;Atacante;comum;a-confirmar;assets/images/stickers/selecoes-2026/wc26-suecia/wc26-suecia-jogador-26-a-confirmar-26.webp
wc26-turquia-jogador-01-a-confirmar-01;Jogador 01 — a confirmar;Turquia;1;Goleiro;comum;a-confirmar;assets/images/stickers/selecoes-2026/wc26-turquia/wc26-turquia-jogador-01-a-confirmar-01.webp
wc26-turquia-jogador-02-a-confirmar-02;Jogador 02 — a confirmar;Turquia;2;Goleiro;comum;a-confirmar;assets/images/stickers/selecoes-2026/wc26-turquia/wc26-turquia-jogador-02-a-confirmar-02.webp
wc26-turquia-jogador-03-a-confirmar-03;Jogador 03 — a confirmar;Turquia;3;Goleiro;comum;a-confirmar;assets/images/stickers/selecoes-2026/wc26-turquia/wc26-turquia-jogador-03-a-confirmar-03.webp
wc26-turquia-jogador-04-a-confirmar-04;Jogador 04 — a confirmar;Turquia;4;Defensor;comum;a-confirmar;assets/images/stickers/selecoes-2026/wc26-turquia/wc26-turquia-jogador-04-a-confirmar-04.webp
wc26-turquia-jogador-05-a-confirmar-05;Jogador 05 — a confirmar;Turquia;5;Defensor;comum;a-confirmar;assets/images/stickers/selecoes-2026/wc26-turquia/wc26-turquia-jogador-05-a-confirmar-05.webp
wc26-turquia-jogador-06-a-confirmar-06;Jogador 06 — a confirmar;Turquia;6;Defensor;comum;a-confirmar;assets/images/stickers/selecoes-2026/wc26-turquia/wc26-turquia-jogador-06-a-confirmar-06.webp
wc26-turquia-jogador-07-a-confirmar-07;Jogador 07 — a confirmar;Turquia;7;Defensor;comum;a-confirmar;assets/images/stickers/selecoes-2026/wc26-turquia/wc26-turquia-jogador-07-a-confirmar-07.webp
wc26-turquia-jogador-08-a-confirmar-08;Jogador 08 — a confirmar;Turquia;8;Defensor;comum;a-confirmar;assets/images/stickers/selecoes-2026/wc26-turquia/wc26-turquia-jogador-08-a-confirmar-08.webp
wc26-turquia-jogador-09-a-confirmar-09;Jogador 09 — a confirmar;Turquia;9;Defensor;comum;a-confirmar;assets/images/stickers/selecoes-2026/wc26-turquia/wc26-turquia-jogador-09-a-confirmar-09.webp
wc26-turquia-jogador-10-a-confirmar-10;Jogador 10 — a confirmar;Turquia;10;Defensor;comum;a-confirmar;assets/images/stickers/selecoes-2026/wc26-turquia/wc26-turquia-jogador-10-a-confirmar-10.webp
wc26-turquia-jogador-11-a-confirmar-11;Jogador 11 — a confirmar;Turquia;11;Meia;comum;a-confirmar;assets/images/stickers/selecoes-2026/wc26-turquia/wc26-turquia-jogador-11-a-confirmar-11.webp
wc26-turquia-jogador-12-a-confirmar-12;Jogador 12 — a confirmar;Turquia;12;Meia;comum;a-confirmar;assets/images/stickers/selecoes-2026/wc26-turquia/wc26-turquia-jogador-12-a-confirmar-12.webp
wc26-turquia-jogador-13-a-confirmar-13;Jogador 13 — a confirmar;Turquia;13;Meia;comum;a-confirmar;assets/images/stickers/selecoes-2026/wc26-turquia/wc26-turquia-jogador-13-a-confirmar-13.webp
wc26-turquia-jogador-14-a-confirmar-14;Jogador 14 — a confirmar;Turquia;14;Meia;comum;a-confirmar;assets/images/stickers/selecoes-2026/wc26-turquia/wc26-turquia-jogador-14-a-confirmar-14.webp
wc26-turquia-jogador-15-a-confirmar-15;Jogador 15 — a confirmar;Turquia;15;Meia;comum;a-confirmar;assets/images/stickers/selecoes-2026/wc26-turquia/wc26-turquia-jogador-15-a-confirmar-15.webp
wc26-turquia-jogador-16-a-confirmar-16;Jogador 16 — a confirmar;Turquia;16;Meia;comum;a-confirmar;assets/images/stickers/selecoes-2026/wc26-turquia/wc26-turquia-jogador-16-a-confirmar-16.webp
wc26-turquia-jogador-17-a-confirmar-17;Jogador 17 — a confirmar;Turquia;17;Meia;comum;a-confirmar;assets/images/stickers/selecoes-2026/wc26-turquia/wc26-turquia-jogador-17-a-confirmar-17.webp
wc26-turquia-jogador-18-a-confirmar-18;Jogador 18 — a confirmar;Turquia;18;Meia;comum;a-confirmar;assets/images/stickers/selecoes-2026/wc26-turquia/wc26-turquia-jogador-18-a-confirmar-18.webp
wc26-turquia-jogador-19-a-confirmar-19;Jogador 19 — a confirmar;Turquia;19;Atacante;comum;a-confirmar;assets/images/stickers/selecoes-2026/wc26-turquia/wc26-turquia-jogador-19-a-confirmar-19.webp
wc26-turquia-jogador-20-a-confirmar-20;Jogador 20 — a confirmar;Turquia;20;Atacante;comum;a-confirmar;assets/images/stickers/selecoes-2026/wc26-turquia/wc26-turquia-jogador-20-a-confirmar-20.webp
wc26-turquia-jogador-21-a-confirmar-21;Jogador 21 — a confirmar;Turquia;21;Atacante;comum;a-confirmar;assets/images/stickers/selecoes-2026/wc26-turquia/wc26-turquia-jogador-21-a-confirmar-21.webp
wc26-turquia-jogador-22-a-confirmar-22;Jogador 22 — a confirmar;Turquia;22;Atacante;comum;a-confirmar;assets/images/stickers/selecoes-2026/wc26-turquia/wc26-turquia-jogador-22-a-confirmar-22.webp
wc26-turquia-jogador-23-a-confirmar-23;Jogador 23 — a confirmar;Turquia;23;Atacante;comum;a-confirmar;assets/images/stickers/selecoes-2026/wc26-turquia/wc26-turquia-jogador-23-a-confirmar-23.webp
wc26-turquia-jogador-24-a-confirmar-24;Jogador 24 — a confirmar;Turquia;24;Atacante;comum;a-confirmar;assets/images/stickers/selecoes-2026/wc26-turquia/wc26-turquia-jogador-24-a-confirmar-24.webp
wc26-turquia-jogador-25-a-confirmar-25;Jogador 25 — a confirmar;Turquia;25;Atacante;comum;a-confirmar;assets/images/stickers/selecoes-2026/wc26-turquia/wc26-turquia-jogador-25-a-confirmar-25.webp
wc26-turquia-jogador-26-a-confirmar-26;Jogador 26 — a confirmar;Turquia;26;Atacante;comum;a-confirmar;assets/images/stickers/selecoes-2026/wc26-turquia/wc26-turquia-jogador-26-a-confirmar-26.webp
wc26-republica-tcheca-jogador-01-a-confirmar-01;Jogador 01 — a confirmar;República Tcheca;1;Goleiro;comum;a-confirmar;assets/images/stickers/selecoes-2026/wc26-republica-tcheca/wc26-republica-tcheca-jogador-01-a-confirmar-01.webp
wc26-republica-tcheca-jogador-02-a-confirmar-02;Jogador 02 — a confirmar;República Tcheca;2;Goleiro;comum;a-confirmar;assets/images/stickers/selecoes-2026/wc26-republica-tcheca/wc26-republica-tcheca-jogador-02-a-confirmar-02.webp
wc26-republica-tcheca-jogador-03-a-confirmar-03;Jogador 03 — a confirmar;República Tcheca;3;Goleiro;comum;a-confirmar;assets/images/stickers/selecoes-2026/wc26-republica-tcheca/wc26-republica-tcheca-jogador-03-a-confirmar-03.webp
wc26-republica-tcheca-jogador-04-a-confirmar-04;Jogador 04 — a confirmar;República Tcheca;4;Defensor;comum;a-confirmar;assets/images/stickers/selecoes-2026/wc26-republica-tcheca/wc26-republica-tcheca-jogador-04-a-confirmar-04.webp
wc26-republica-tcheca-jogador-05-a-confirmar-05;Jogador 05 — a confirmar;República Tcheca;5;Defensor;comum;a-confirmar;assets/images/stickers/selecoes-2026/wc26-republica-tcheca/wc26-republica-tcheca-jogador-05-a-confirmar-05.webp
wc26-republica-tcheca-jogador-06-a-confirmar-06;Jogador 06 — a confirmar;República Tcheca;6;Defensor;comum;a-confirmar;assets/images/stickers/selecoes-2026/wc26-republica-tcheca/wc26-republica-tcheca-jogador-06-a-confirmar-06.webp
wc26-republica-tcheca-jogador-07-a-confirmar-07;Jogador 07 — a confirmar;República Tcheca;7;Defensor;comum;a-confirmar;assets/images/stickers/selecoes-2026/wc26-republica-tcheca/wc26-republica-tcheca-jogador-07-a-confirmar-07.webp
wc26-republica-tcheca-jogador-08-a-confirmar-08;Jogador 08 — a confirmar;República Tcheca;8;Defensor;comum;a-confirmar;assets/images/stickers/selecoes-2026/wc26-republica-tcheca/wc26-republica-tcheca-jogador-08-a-confirmar-08.webp
wc26-republica-tcheca-jogador-09-a-confirmar-09;Jogador 09 — a confirmar;República Tcheca;9;Defensor;comum;a-confirmar;assets/images/stickers/selecoes-2026/wc26-republica-tcheca/wc26-republica-tcheca-jogador-09-a-confirmar-09.webp
wc26-republica-tcheca-jogador-10-a-confirmar-10;Jogador 10 — a confirmar;República Tcheca;10;Defensor;comum;a-confirmar;assets/images/stickers/selecoes-2026/wc26-republica-tcheca/wc26-republica-tcheca-jogador-10-a-confirmar-10.webp
wc26-republica-tcheca-jogador-11-a-confirmar-11;Jogador 11 — a confirmar;República Tcheca;11;Meia;comum;a-confirmar;assets/images/stickers/selecoes-2026/wc26-republica-tcheca/wc26-republica-tcheca-jogador-11-a-confirmar-11.webp
wc26-republica-tcheca-jogador-12-a-confirmar-12;Jogador 12 — a confirmar;República Tcheca;12;Meia;comum;a-confirmar;assets/images/stickers/selecoes-2026/wc26-republica-tcheca/wc26-republica-tcheca-jogador-12-a-confirmar-12.webp
wc26-republica-tcheca-jogador-13-a-confirmar-13;Jogador 13 — a confirmar;República Tcheca;13;Meia;comum;a-confirmar;assets/images/stickers/selecoes-2026/wc26-republica-tcheca/wc26-republica-tcheca-jogador-13-a-confirmar-13.webp
wc26-republica-tcheca-jogador-14-a-confirmar-14;Jogador 14 — a confirmar;República Tcheca;14;Meia;comum;a-confirmar;assets/images/stickers/selecoes-2026/wc26-republica-tcheca/wc26-republica-tcheca-jogador-14-a-confirmar-14.webp
wc26-republica-tcheca-jogador-15-a-confirmar-15;Jogador 15 — a confirmar;República Tcheca;15;Meia;comum;a-confirmar;assets/images/stickers/selecoes-2026/wc26-republica-tcheca/wc26-republica-tcheca-jogador-15-a-confirmar-15.webp
wc26-republica-tcheca-jogador-16-a-confirmar-16;Jogador 16 — a confirmar;República Tcheca;16;Meia;comum;a-confirmar;assets/images/stickers/selecoes-2026/wc26-republica-tcheca/wc26-republica-tcheca-jogador-16-a-confirmar-16.webp
wc26-republica-tcheca-jogador-17-a-confirmar-17;Jogador 17 — a confirmar;República Tcheca;17;Meia;comum;a-confirmar;assets/images/stickers/selecoes-2026/wc26-republica-tcheca/wc26-republica-tcheca-jogador-17-a-confirmar-17.webp
wc26-republica-tcheca-jogador-18-a-confirmar-18;Jogador 18 — a confirmar;República Tcheca;18;Meia;comum;a-confirmar;assets/images/stickers/selecoes-2026/wc26-republica-tcheca/wc26-republica-tcheca-jogador-18-a-confirmar-18.webp
wc26-republica-tcheca-jogador-19-a-confirmar-19;Jogador 19 — a confirmar;República Tcheca;19;Atacante;comum;a-confirmar;assets/images/stickers/selecoes-2026/wc26-republica-tcheca/wc26-republica-tcheca-jogador-19-a-confirmar-19.webp
wc26-republica-tcheca-jogador-20-a-confirmar-20;Jogador 20 — a confirmar;República Tcheca;20;Atacante;comum;a-confirmar;assets/images/stickers/selecoes-2026/wc26-republica-tcheca/wc26-republica-tcheca-jogador-20-a-confirmar-20.webp
wc26-republica-tcheca-jogador-21-a-confirmar-21;Jogador 21 — a confirmar;República Tcheca;21;Atacante;comum;a-confirmar;assets/images/stickers/selecoes-2026/wc26-republica-tcheca/wc26-republica-tcheca-jogador-21-a-confirmar-21.webp
wc26-republica-tcheca-jogador-22-a-confirmar-22;Jogador 22 — a confirmar;República Tcheca;22;Atacante;comum;a-confirmar;assets/images/stickers/selecoes-2026/wc26-republica-tcheca/wc26-republica-tcheca-jogador-22-a-confirmar-22.webp
wc26-republica-tcheca-jogador-23-a-confirmar-23;Jogador 23 — a confirmar;República Tcheca;23;Atacante;comum;a-confirmar;assets/images/stickers/selecoes-2026/wc26-republica-tcheca/wc26-republica-tcheca-jogador-23-a-confirmar-23.webp
wc26-republica-tcheca-jogador-24-a-confirmar-24;Jogador 24 — a confirmar;República Tcheca;24;Atacante;comum;a-confirmar;assets/images/stickers/selecoes-2026/wc26-republica-tcheca/wc26-republica-tcheca-jogador-24-a-confirmar-24.webp
wc26-republica-tcheca-jogador-25-a-confirmar-25;Jogador 25 — a confirmar;República Tcheca;25;Atacante;comum;a-confirmar;assets/images/stickers/selecoes-2026/wc26-republica-tcheca/wc26-republica-tcheca-jogador-25-a-confirmar-25.webp
wc26-republica-tcheca-jogador-26-a-confirmar-26;Jogador 26 — a confirmar;República Tcheca;26;Atacante;comum;a-confirmar;assets/images/stickers/selecoes-2026/wc26-republica-tcheca/wc26-republica-tcheca-jogador-26-a-confirmar-26.webp
wc26-bosnia-jogador-01-a-confirmar-01;Jogador 01 — a confirmar;Bósnia e Herzegovina;1;Goleiro;comum;a-confirmar;assets/images/stickers/selecoes-2026/wc26-bosnia/wc26-bosnia-jogador-01-a-confirmar-01.webp
wc26-bosnia-jogador-02-a-confirmar-02;Jogador 02 — a confirmar;Bósnia e Herzegovina;2;Goleiro;comum;a-confirmar;assets/images/stickers/selecoes-2026/wc26-bosnia/wc26-bosnia-jogador-02-a-confirmar-02.webp
wc26-bosnia-jogador-03-a-confirmar-03;Jogador 03 — a confirmar;Bósnia e Herzegovina;3;Goleiro;comum;a-confirmar;assets/images/stickers/selecoes-2026/wc26-bosnia/wc26-bosnia-jogador-03-a-confirmar-03.webp
wc26-bosnia-jogador-04-a-confirmar-04;Jogador 04 — a confirmar;Bósnia e Herzegovina;4;Defensor;comum;a-confirmar;assets/images/stickers/selecoes-2026/wc26-bosnia/wc26-bosnia-jogador-04-a-confirmar-04.webp
wc26-bosnia-jogador-05-a-confirmar-05;Jogador 05 — a confirmar;Bósnia e Herzegovina;5;Defensor;comum;a-confirmar;assets/images/stickers/selecoes-2026/wc26-bosnia/wc26-bosnia-jogador-05-a-confirmar-05.webp
wc26-bosnia-jogador-06-a-confirmar-06;Jogador 06 — a confirmar;Bósnia e Herzegovina;6;Defensor;comum;a-confirmar;assets/images/stickers/selecoes-2026/wc26-bosnia/wc26-bosnia-jogador-06-a-confirmar-06.webp
wc26-bosnia-jogador-07-a-confirmar-07;Jogador 07 — a confirmar;Bósnia e Herzegovina;7;Defensor;comum;a-confirmar;assets/images/stickers/selecoes-2026/wc26-bosnia/wc26-bosnia-jogador-07-a-confirmar-07.webp
wc26-bosnia-jogador-08-a-confirmar-08;Jogador 08 — a confirmar;Bósnia e Herzegovina;8;Defensor;comum;a-confirmar;assets/images/stickers/selecoes-2026/wc26-bosnia/wc26-bosnia-jogador-08-a-confirmar-08.webp
wc26-bosnia-jogador-09-a-confirmar-09;Jogador 09 — a confirmar;Bósnia e Herzegovina;9;Defensor;comum;a-confirmar;assets/images/stickers/selecoes-2026/wc26-bosnia/wc26-bosnia-jogador-09-a-confirmar-09.webp
wc26-bosnia-jogador-10-a-confirmar-10;Jogador 10 — a confirmar;Bósnia e Herzegovina;10;Defensor;comum;a-confirmar;assets/images/stickers/selecoes-2026/wc26-bosnia/wc26-bosnia-jogador-10-a-confirmar-10.webp
wc26-bosnia-jogador-11-a-confirmar-11;Jogador 11 — a confirmar;Bósnia e Herzegovina;11;Meia;comum;a-confirmar;assets/images/stickers/selecoes-2026/wc26-bosnia/wc26-bosnia-jogador-11-a-confirmar-11.webp
wc26-bosnia-jogador-12-a-confirmar-12;Jogador 12 — a confirmar;Bósnia e Herzegovina;12;Meia;comum;a-confirmar;assets/images/stickers/selecoes-2026/wc26-bosnia/wc26-bosnia-jogador-12-a-confirmar-12.webp
wc26-bosnia-jogador-13-a-confirmar-13;Jogador 13 — a confirmar;Bósnia e Herzegovina;13;Meia;comum;a-confirmar;assets/images/stickers/selecoes-2026/wc26-bosnia/wc26-bosnia-jogador-13-a-confirmar-13.webp
wc26-bosnia-jogador-14-a-confirmar-14;Jogador 14 — a confirmar;Bósnia e Herzegovina;14;Meia;comum;a-confirmar;assets/images/stickers/selecoes-2026/wc26-bosnia/wc26-bosnia-jogador-14-a-confirmar-14.webp
wc26-bosnia-jogador-15-a-confirmar-15;Jogador 15 — a confirmar;Bósnia e Herzegovina;15;Meia;comum;a-confirmar;assets/images/stickers/selecoes-2026/wc26-bosnia/wc26-bosnia-jogador-15-a-confirmar-15.webp
wc26-bosnia-jogador-16-a-confirmar-16;Jogador 16 — a confirmar;Bósnia e Herzegovina;16;Meia;comum;a-confirmar;assets/images/stickers/selecoes-2026/wc26-bosnia/wc26-bosnia-jogador-16-a-confirmar-16.webp
wc26-bosnia-jogador-17-a-confirmar-17;Jogador 17 — a confirmar;Bósnia e Herzegovina;17;Meia;comum;a-confirmar;assets/images/stickers/selecoes-2026/wc26-bosnia/wc26-bosnia-jogador-17-a-confirmar-17.webp
wc26-bosnia-jogador-18-a-confirmar-18;Jogador 18 — a confirmar;Bósnia e Herzegovina;18;Meia;comum;a-confirmar;assets/images/stickers/selecoes-2026/wc26-bosnia/wc26-bosnia-jogador-18-a-confirmar-18.webp
wc26-bosnia-jogador-19-a-confirmar-19;Jogador 19 — a confirmar;Bósnia e Herzegovina;19;Atacante;comum;a-confirmar;assets/images/stickers/selecoes-2026/wc26-bosnia/wc26-bosnia-jogador-19-a-confirmar-19.webp
wc26-bosnia-jogador-20-a-confirmar-20;Jogador 20 — a confirmar;Bósnia e Herzegovina;20;Atacante;comum;a-confirmar;assets/images/stickers/selecoes-2026/wc26-bosnia/wc26-bosnia-jogador-20-a-confirmar-20.webp
wc26-bosnia-jogador-21-a-confirmar-21;Jogador 21 — a confirmar;Bósnia e Herzegovina;21;Atacante;comum;a-confirmar;assets/images/stickers/selecoes-2026/wc26-bosnia/wc26-bosnia-jogador-21-a-confirmar-21.webp
wc26-bosnia-jogador-22-a-confirmar-22;Jogador 22 — a confirmar;Bósnia e Herzegovina;22;Atacante;comum;a-confirmar;assets/images/stickers/selecoes-2026/wc26-bosnia/wc26-bosnia-jogador-22-a-confirmar-22.webp
wc26-bosnia-jogador-23-a-confirmar-23;Jogador 23 — a confirmar;Bósnia e Herzegovina;23;Atacante;comum;a-confirmar;assets/images/stickers/selecoes-2026/wc26-bosnia/wc26-bosnia-jogador-23-a-confirmar-23.webp
wc26-bosnia-jogador-24-a-confirmar-24;Jogador 24 — a confirmar;Bósnia e Herzegovina;24;Atacante;comum;a-confirmar;assets/images/stickers/selecoes-2026/wc26-bosnia/wc26-bosnia-jogador-24-a-confirmar-24.webp
wc26-bosnia-jogador-25-a-confirmar-25;Jogador 25 — a confirmar;Bósnia e Herzegovina;25;Atacante;comum;a-confirmar;assets/images/stickers/selecoes-2026/wc26-bosnia/wc26-bosnia-jogador-25-a-confirmar-25.webp
wc26-bosnia-jogador-26-a-confirmar-26;Jogador 26 — a confirmar;Bósnia e Herzegovina;26;Atacante;comum;a-confirmar;assets/images/stickers/selecoes-2026/wc26-bosnia/wc26-bosnia-jogador-26-a-confirmar-26.webp